task_id	row_number	permno	company	ticker	cc_date	date_from	date_to
T0069	69	20482	Abbott Laboratories	ABT	2015-01-29	2015-01-29	2015-02-12
T0321	321	81540	AmerisourceBergen Corp	ASHC	2016-08-02	2016-08-02	2016-08-16
T0322	322	81540	AmerisourceBergen Corp	ASHC	2016-11-02	2016-11-02	2016-11-16
T0323	323	81540	AmerisourceBergen Corp	ASHC	2016-02-04	2016-02-04	2016-02-18
T0324	324	81540	AmerisourceBergen Corp	ASHC	2017-05-04	2017-05-04	2017-05-18
T0325	325	81540	AmerisourceBergen Corp	ASHC	2016-05-05	2016-05-05	2016-05-19
T0326	326	81540	AmerisourceBergen Corp	ASHC	2018-02-06	2018-02-06	2018-02-20
T0327	327	81540	AmerisourceBergen Corp	ASHC	2018-11-06	2018-11-06	2018-11-20
T0328	328	81540	AmerisourceBergen Corp	ASHC	2015-01-28	2015-01-28	2015-02-11
T0378	378	89179	Anthem Inc	ATHI	2018-04-25	2018-04-25	2018-05-09
T0379	379	89179	Anthem Inc	ATHI	2018-07-25	2018-07-25	2018-08-08
T0380	380	89179	Anthem Inc	ATHI	2016-01-27	2016-01-27	2016-02-10
T0381	381	89179	Anthem Inc	ATHI	2016-07-27	2016-07-27	2016-08-10
T0382	382	89179	Anthem Inc	ATHI	2015-04-29	2015-04-29	2015-05-13
T0383	383	89179	Anthem Inc	ATHI	2015-07-29	2015-07-29	2015-08-12
T0431	431	14329	Aramark	ARMK	2015-08-12	2015-08-12	2015-08-26
T0470	470	15909	Atlassian Corp PLC	00YT	2016-08-04	2016-08-04	2016-08-18
T0471	471	15909	Atlassian Corp PLC	00YT	2018-01-18	2018-01-18	2018-02-01
T0472	472	15909	Atlassian Corp PLC	00YT	2018-04-19	2018-04-19	2018-05-03
T0473	473	15909	Atlassian Corp PLC	00YT	2017-01-19	2017-01-19	2017-02-02
T0474	474	15909	Atlassian Corp PLC	00YT	2017-10-19	2017-10-19	2017-11-02
T0475	475	15909	Atlassian Corp PLC	00YT	2018-07-26	2018-07-26	2018-08-09
T0476	476	15909	Atlassian Corp PLC	00YT	2017-04-27	2017-04-27	2017-05-11
T0477	477	15909	Atlassian Corp PLC	00YT	2017-07-27	2017-07-27	2017-08-10
T0479	479	15721	Atwood Oceanics Inc	ATWD	2015-02-04	2015-02-04	2015-02-18
T0512	512	75034	Baker Hughes A GE Company LLC	BHI1	2015-01-20	2015-01-20	2015-02-03
T0577	577	67467	Big Lots Inc	CNS	2017-12-01	2017-12-01	2017-12-15
T0578	578	67467	Big Lots Inc	CNS	2018-06-01	2018-06-01	2018-06-15
T0579	579	67467	Big Lots Inc	CNS	2018-12-07	2018-12-07	2018-12-21
T0580	580	67467	Big Lots Inc	CNS	2018-03-09	2018-03-09	2018-03-23
T0581	581	67467	Big Lots Inc	CNS	2018-08-31	2018-08-31	2018-09-14
T0613	613	16755	Blue Apron Holdings Inc	01NX	2018-02-13	2018-02-13	2018-02-27
T0629	629	77605	Boston Scientific Corp	BSX	2015-02-04	2015-02-04	2015-02-18
T0678	678	86881	Brocade Communications Systems Inc	BRCD	2015-11-23	2015-11-23	2015-12-07
T0679	679	86881	Brocade Communications Systems Inc	BRCD	2016-08-25	2016-08-25	2016-09-08
T0712	712	14182	Burlington Stores Inc	BURL	2016-03-03	2016-03-03	2016-03-17
T0714	714	14182	Burlington Stores Inc	BURL	2015-03-17	2015-03-17	2015-03-31
T0728	728	46877	C R Bard Inc	BCR	2016-01-28	2016-01-28	2016-02-11
T0729	729	46877	C R Bard Inc	BCR	2015-01-29	2015-01-29	2015-02-12
T0730	730	14926	CDK Global Inc	CDK	2016-02-03	2016-02-03	2016-02-17
T0731	731	14926	CDK Global Inc	CDK	2015-11-03	2015-11-03	2015-11-17
T0732	732	14926	CDK Global Inc	CDK	2016-05-05	2016-05-05	2016-05-19
T0733	733	14926	CDK Global Inc	CDK	2018-04-26	2018-04-26	2018-05-10
T0734	734	14926	CDK Global Inc	CDK	2015-07-29	2015-07-29	2015-08-12
T0735	735	14926	CDK Global Inc	CDK	2018-01-30	2018-01-30	2018-02-13
T0736	736	13949	CDW Corp	CDW	2018-05-02	2018-05-02	2018-05-16
T0740	740	13949	CDW Corp	CDW	2017-02-07	2017-02-07	2017-02-21
T0743	743	90829	CF Industries Holdings Inc	CFF	2018-11-01	2018-11-01	2018-11-15
T0744	744	90829	CF Industries Holdings Inc	CFF	2018-08-02	2018-08-02	2018-08-16
T0745	745	90829	CF Industries Holdings Inc	CFF	2017-11-02	2017-11-02	2017-11-16
T0746	746	90829	CF Industries Holdings Inc	CFF	2017-08-03	2017-08-03	2017-08-17
T0747	747	90829	CF Industries Holdings Inc	CFF	2018-05-03	2018-05-03	2018-05-17
T0748	748	90829	CF Industries Holdings Inc	CFF	2016-11-03	2016-11-03	2016-11-17
T0749	749	90829	CF Industries Holdings Inc	CFF	2016-08-04	2016-08-04	2016-08-18
T0750	750	90829	CF Industries Holdings Inc	CFF	2016-05-05	2016-05-05	2016-05-19
T0751	751	90829	CF Industries Holdings Inc	CFF	2015-11-05	2015-11-05	2015-11-19
T0752	752	90829	CF Industries Holdings Inc	CFF	2015-08-06	2015-08-06	2015-08-20
T0753	753	90829	CF Industries Holdings Inc	CFF	2015-05-07	2015-05-07	2015-05-21
T0754	754	90829	CF Industries Holdings Inc	CFF	2017-02-16	2017-02-16	2017-03-02
T0755	755	90829	CF Industries Holdings Inc	CFF	2015-02-18	2015-02-18	2015-03-04
T0756	756	93150	CIT Group Inc	CITG	2017-10-24	2017-10-24	2017-11-07
T0757	757	93150	CIT Group Inc	CITG	2017-04-25	2017-04-25	2017-05-09
T0758	758	93150	CIT Group Inc	CITG	2015-01-27	2015-01-27	2015-02-10
T0759	759	93150	CIT Group Inc	CITG	2016-04-28	2016-04-28	2016-05-12
T0760	760	93150	CIT Group Inc	CITG	2015-07-28	2015-07-28	2015-08-11
T0761	761	93150	CIT Group Inc	CITG	2018-01-30	2018-01-30	2018-02-13
T0767	767	68857	Cablevision Systems Corp	CVC	2015-08-07	2015-08-07	2015-08-21
T0768	768	76082	Cabot Oil & Gas Corp	COG1	2016-10-28	2016-10-28	2016-11-11
T0769	769	76082	Cabot Oil & Gas Corp	COG1	2016-07-29	2016-07-29	2016-08-12
T0771	771	13267	Caesars Entertainment Corp	RZC	2018-11-01	2018-11-01	2018-11-15
T0786	786	25320	Campbell Soup Co	CPB	2016-09-01	2016-09-01	2016-09-15
T0787	787	25320	Campbell Soup Co	CPB	2015-09-03	2015-09-03	2015-09-17
T0788	788	25320	Campbell Soup Co	CPB	2017-05-19	2017-05-19	2017-06-02
T0789	789	25320	Campbell Soup Co	CPB	2016-05-20	2016-05-20	2016-06-03
T0790	790	25320	Campbell Soup Co	CPB	2015-05-22	2015-05-22	2015-06-05
T0791	791	25320	Campbell Soup Co	CPB	2015-11-24	2015-11-24	2015-12-08
T0792	792	25320	Campbell Soup Co	CPB	2016-02-25	2016-02-25	2016-03-10
T0793	793	25320	Campbell Soup Co	CPB	2017-08-31	2017-08-31	2017-09-14
T0800	800	81055	Capital One Financial Corp	COF	2015-07-23	2015-07-23	2015-08-06
T0806	806	81055	Capital One Financial Corp	COF	2016-04-26	2016-04-26	2016-05-10
T0808	808	21371	Cardinal Health Inc	CDIC	2016-02-01	2016-02-01	2016-02-15
T0809	809	21371	Cardinal Health Inc	CDIC	2017-05-01	2017-05-01	2017-05-15
T0810	810	21371	Cardinal Health Inc	CDIC	2017-08-02	2017-08-02	2017-08-16
T0811	811	21371	Cardinal Health Inc	CDIC	2017-02-07	2017-02-07	2017-02-21
T0812	812	21371	Cardinal Health Inc	CDIC	2016-04-28	2016-04-28	2016-05-12
T0813	813	21371	Cardinal Health Inc	CDIC	2015-01-29	2015-01-29	2015-02-12
T0814	814	21371	Cardinal Health Inc	CDIC	2016-10-31	2016-10-31	2016-11-14
T0818	818	13405	Carlyle Group LP	CGCG	2017-05-03	2017-05-03	2017-05-17
T0819	819	13405	Carlyle Group LP	CGCG	2017-02-08	2017-02-08	2017-02-22
T0820	820	13405	Carlyle Group LP	CGCG	2016-02-10	2016-02-10	2016-02-24
T0821	821	13405	Carlyle Group LP	CGCG	2015-02-11	2015-02-11	2015-02-25
T0822	822	13405	Carlyle Group LP	CGCG	2016-10-26	2016-10-26	2016-11-09
T0823	823	13405	Carlyle Group LP	CGCG	2016-04-27	2016-04-27	2016-05-11
T0824	824	13405	Carlyle Group LP	CGCG	2016-07-27	2016-07-27	2016-08-10
T0825	825	13405	Carlyle Group LP	CGCG	2015-10-28	2015-10-28	2015-11-11
T0826	826	13405	Carlyle Group LP	CGCG	2015-07-29	2015-07-29	2015-08-12
T0827	827	13405	Carlyle Group LP	CGCG	2017-10-31	2017-10-31	2017-11-14
T0828	828	89508	Carmax Inc	KMX	2018-12-21	2018-12-21	2019-01-04
T0832	832	89876	Carter's Inc	CATI	2017-02-23	2017-02-23	2017-03-09
T0833	833	89876	Carter's Inc	CATI	2017-10-26	2017-10-26	2017-11-09
T0839	839	14763	Catalent Inc	CTLT	2017-02-06	2017-02-06	2017-02-20
T0844	844	92034	Cavium Inc	CAVM	2017-02-01	2017-02-01	2017-02-15
T0845	845	92034	Cavium Inc	CAVM	2016-11-01	2016-11-01	2016-11-15
T0846	846	92034	Cavium Inc	CAVM	2017-11-01	2017-11-01	2017-11-15
T0847	847	92034	Cavium Inc	CAVM	2017-08-02	2017-08-02	2017-08-16
T0848	848	92034	Cavium Inc	CAVM	2016-07-26	2016-07-26	2016-08-09
T0849	849	92034	Cavium Inc	CAVM	2016-04-27	2016-04-27	2016-05-11
T0850	850	92034	Cavium Inc	CAVM	2015-01-28	2015-01-28	2015-02-11
T0851	851	92034	Cavium Inc	CAVM	2015-10-28	2015-10-28	2015-11-11
T0852	852	92034	Cavium Inc	CAVM	2015-07-29	2015-07-29	2015-08-12
T0884	884	60599	CenturyLink Inc	CTL	2015-08-05	2015-08-05	2015-08-19
T0885	885	60599	CenturyLink Inc	CTL	2018-08-08	2018-08-08	2018-08-22
T0886	886	60599	CenturyLink Inc	CTL	2016-02-10	2016-02-10	2016-02-24
T0896	896	83639	Check Point Software Technologies Ltd	CHKP	2018-04-25	2018-04-25	2018-05-09
T0898	898	83639	Check Point Software Technologies Ltd	CHKP	2018-01-31	2018-01-31	2018-02-14
T0912	912	84723	Cheniere Energy Inc	CHEX	2018-05-04	2018-05-04	2018-05-18
T0922	922	85390	Childrens Place Inc	PLCE	2016-03-15	2016-03-15	2016-03-29
T0923	923	85390	Childrens Place Inc	PLCE	2016-08-17	2016-08-17	2016-08-31
T0924	924	85390	Childrens Place Inc	PLCE	2016-05-17	2016-05-17	2016-05-31
T0925	925	85390	Childrens Place Inc	PLCE	2016-11-17	2016-11-17	2016-12-01
T0926	926	85390	Childrens Place Inc	PLCE	2017-05-18	2017-05-18	2017-06-01
T0927	927	85390	Childrens Place Inc	PLCE	2015-08-25	2015-08-25	2015-09-08
T0928	928	93306	China Lodging Group Ltd	HTHT	2017-05-11	2017-05-11	2017-05-25
T0929	929	93306	China Lodging Group Ltd	HTHT	2018-08-23	2018-08-23	2018-09-06
T0947	947	85517	Choice Hotels International Inc	CHH2	2016-10-27	2016-10-27	2016-11-10
T0989	989	70519	Citigroup Inc	CCC2;CICA	2017-10-12	2017-10-12	2017-10-26
T1016	1016	93095	Cloud Peak Energy Inc	CLDD	2015-10-27	2015-10-27	2015-11-10
T1069	1069	25081	Comerica Inc	CMCA	2015-01-16	2015-01-16	2015-01-30
T1081	1081	14239	CommScope Holding Company Inc	MMOC	2017-11-01	2017-11-01	2017-11-15
T1082	1082	14239	CommScope Holding Company Inc	MMOC	2016-11-03	2016-11-03	2016-11-17
T1083	1083	14239	CommScope Holding Company Inc	MMOC	2018-02-15	2018-02-15	2018-03-01
T1084	1084	14239	CommScope Holding Company Inc	MMOC	2017-02-23	2017-02-23	2017-03-09
T1085	1085	14239	CommScope Holding Company Inc	MMOC	2018-07-31	2018-07-31	2018-08-14
T1097	1097	92239	Concho Resources Inc	CXO	2016-08-03	2016-08-03	2016-08-17
T1115	1115	91065	Copa Holdings SA	CAH	2016-05-06	2016-05-06	2016-05-20
T1116	1116	91065	Copa Holdings SA	CAH	2018-11-15	2018-11-15	2018-11-29
T1117	1117	91065	Copa Holdings SA	CAH	2016-02-18	2016-02-18	2016-03-03
T1118	1118	82656	Core Laboratories NV	CRLB	2017-04-20	2017-04-20	2017-05-04
T1120	1120	82656	Core Laboratories NV	CRLB	2017-01-26	2017-01-26	2017-02-09
T1121	1121	82656	Core Laboratories NV	CRLB	2016-01-28	2016-01-28	2016-02-11
T1122	1122	82656	Core Laboratories NV	CRLB	2015-01-29	2015-01-29	2015-02-12
T1225	1225	17040	Delphi Technologies PLC	DLPHW	2018-11-07	2018-11-07	2018-11-21
T1226	1226	17040	Delphi Technologies PLC	DLPHW	2018-08-08	2018-08-08	2018-08-22
T1276	1276	92924	DigitalGlobe Inc	DGI	2016-02-25	2016-02-25	2016-03-10
T1277	1277	92924	DigitalGlobe Inc	DGI	2015-02-26	2015-02-26	2015-03-12
T1278	1278	92924	DigitalGlobe Inc	DGI	2016-04-27	2016-04-27	2016-05-11
T1279	1279	92924	DigitalGlobe Inc	DGI	2015-10-29	2015-10-29	2015-11-12
T1280	1280	92924	DigitalGlobe Inc	DGI	2015-04-30	2015-04-30	2015-05-14
T1281	1281	92924	DigitalGlobe Inc	DGI	2015-07-30	2015-07-30	2015-08-13
T1289	1289	92121	Discover Financial Services	DFSV	2015-07-22	2015-07-22	2015-08-05
T1290	1290	92121	Discover Financial Services	DFSV	2017-01-24	2017-01-24	2017-02-07
T1291	1291	92121	Discover Financial Services	DFSV	2018-01-24	2018-01-24	2018-02-07
T1298	1298	92121	Discover Financial Services	DFSV	2016-01-27	2016-01-27	2016-02-10
T1348	1348	16851	DowDuPont Inc	DWDP	2018-02-01	2018-02-01	2018-02-15
T1349	1349	16851	DowDuPont Inc	DWDP	2018-08-02	2018-08-02	2018-08-16
T1350	1350	16851	DowDuPont Inc	DWDP	2018-05-03	2018-05-03	2018-05-17
T1351	1351	92618	Dr Pepper Snapple Group Inc	DPSG	2017-04-26	2017-04-26	2017-05-10
T1352	1352	92618	Dr Pepper Snapple Group Inc	DPSG	2016-10-27	2016-10-27	2016-11-10
T1380	1380	13432	EQT Midstream Partners LP	EQMZ	2018-04-26	2018-04-26	2018-05-10
T1385	1385	85082	Eastgroup Properties Inc	EGP	2015-04-17	2015-04-17	2015-05-01
T1386	1386	85082	Eastgroup Properties Inc	EGP	2015-07-17	2015-07-17	2015-07-31
T1387	1387	80080	Eastman Chemical Co	EMN	2015-05-01	2015-05-01	2015-05-15
T1388	1388	80080	Eastman Chemical Co	EMN	2018-02-02	2018-02-02	2018-02-16
T1398	1398	80080	Eastman Chemical Co	EMN	2016-04-29	2016-04-29	2016-05-13
T1399	1399	80080	Eastman Chemical Co	EMN	2016-01-29	2016-01-29	2016-02-12
T1400	1400	80080	Eastman Chemical Co	EMN	2016-07-29	2016-07-29	2016-08-12
T1401	1401	80080	Eastman Chemical Co	EMN	2015-01-30	2015-01-30	2015-02-13
T1402	1402	80080	Eastman Chemical Co	EMN	2015-10-30	2015-10-30	2015-11-13
T1403	1403	11762	Eaton Corporation PLC	ETN	2016-11-01	2016-11-01	2016-11-15
T1404	1404	11762	Eaton Corporation PLC	ETN	2017-02-02	2017-02-02	2017-02-16
T1407	1407	11762	Eaton Corporation PLC	ETN	2016-02-03	2016-02-03	2016-02-17
T1413	1413	93079	Echo Global Logistics Inc	ECHO	2016-04-27	2016-04-27	2016-05-11
T1421	1421	87657	Edwards Lifesciences Corp	EW	2016-02-02	2016-02-02	2016-02-16
T1429	1429	87657	Edwards Lifesciences Corp	EW	2015-10-26	2015-10-26	2015-11-09
T1436	1436	75828	Electronic Arts Inc	ERTS	2018-01-30	2018-01-30	2018-02-13
T1463	1463	89134	Encana Corp	PCP1	2018-05-01	2018-05-01	2018-05-15
T1464	1464	89134	Encana Corp	PCP1	2018-02-15	2018-02-15	2018-03-01
T1467	1467	88436	Endo International PLC	ENDP	2017-11-09	2017-11-09	2017-11-23
T1468	1468	88436	Endo International PLC	ENDP	2015-05-11	2015-05-11	2015-05-25
T1471	1471	14244	Endurance International Group Holdings Inc	EIGI	2017-08-01	2017-08-01	2017-08-15
T1472	1472	14244	Endurance International Group Holdings Inc	EIGI	2016-11-01	2016-11-01	2016-11-15
T1473	1473	14244	Endurance International Group Holdings Inc	EIGI	2017-05-02	2017-05-02	2017-05-16
T1474	1474	14244	Endurance International Group Holdings Inc	EIGI	2018-02-13	2018-02-13	2018-02-27
T1475	1475	14244	Endurance International Group Holdings Inc	EIGI	2017-02-16	2017-02-16	2017-03-02
T1476	1476	14244	Endurance International Group Holdings Inc	EIGI	2018-07-26	2018-07-26	2018-08-09
T1477	1477	26470	Energen Corp	EGN	2016-11-04	2016-11-04	2016-11-18
T1482	1482	91111	Energy Transfer Equity LP	ETL	2017-11-08	2017-11-08	2017-11-22
T1490	1490	14065	Envision Healthcare Corp	EVHC	2015-07-30	2015-07-30	2015-08-13
T1512	1512	15169	Euronav NV	00I2	2018-08-09	2018-08-09	2018-08-23
T1513	1513	15169	Euronav NV	00I2	2018-04-25	2018-04-25	2018-05-09
T1514	1514	15169	Euronav NV	00I2	2018-01-25	2018-01-25	2018-02-08
T1515	1515	15169	Euronav NV	00I2	2017-04-26	2017-04-26	2017-05-10
T1516	1516	15169	Euronav NV	00I2	2016-07-28	2016-07-28	2016-08-11
T1517	1517	15169	Euronav NV	00I2	2016-10-31	2016-10-31	2016-11-14
T1518	1518	15169	Euronav NV	00I2	2017-10-31	2017-10-31	2017-11-14
T1521	1521	88159	Exelixis Inc	EXEL	2018-11-01	2018-11-01	2018-11-15
T1524	1524	90808	Expedia Group Inc	EXPE	2018-02-08	2018-02-08	2018-02-22
T1530	1530	93373	Express Inc	EXPR	2015-08-26	2015-08-26	2015-09-09
T1533	1533	77668	Express Scripts Holding Co	ESRX	2016-02-17	2016-02-17	2016-03-02
T1534	1534	77668	Express Scripts Holding Co	ESRX	2015-02-24	2015-02-24	2015-03-10
T1536	1536	77668	Express Scripts Holding Co	ESRX	2015-04-29	2015-04-29	2015-05-13
T1537	1537	77668	Express Scripts Holding Co	ESRX	2015-07-29	2015-07-29	2015-08-12
T1545	1545	86964	F5 Networks Inc	FFIV	2016-01-20	2016-01-20	2016-02-03
T1548	1548	13407	Facebook Inc	FBK	2017-02-01	2017-02-01	2017-02-15
T1549	1549	13407	Facebook Inc	FBK	2017-11-01	2017-11-01	2017-11-15
T1550	1550	13407	Facebook Inc	FBK	2016-11-02	2016-11-02	2016-11-16
T1551	1551	13407	Facebook Inc	FBK	2017-05-03	2017-05-03	2017-05-17
T1552	1552	13407	Facebook Inc	FBK	2015-11-04	2015-11-04	2015-11-18
T1553	1553	13407	Facebook Inc	FBK	2015-04-22	2015-04-22	2015-05-06
T1554	1554	13407	Facebook Inc	FBK	2018-07-25	2018-07-25	2018-08-08
T1555	1555	13407	Facebook Inc	FBK	2016-04-27	2016-04-27	2016-05-11
T1556	1556	13407	Facebook Inc	FBK	2016-01-27	2016-01-27	2016-02-10
T1557	1557	13407	Facebook Inc	FBK	2016-07-27	2016-07-27	2016-08-10
T1558	1558	13407	Facebook Inc	FBK	2015-01-28	2015-01-28	2015-02-11
T1559	1559	13407	Facebook Inc	FBK	2015-07-29	2015-07-29	2015-08-12
T1560	1560	13407	Facebook Inc	FBK	2018-10-30	2018-10-30	2018-11-13
T1561	1561	13407	Facebook Inc	FBK	2018-01-31	2018-01-31	2018-02-14
T1562	1562	87139	Fairchild Semiconductor International Inc	FSC	2015-10-15	2015-10-15	2015-10-29
T1563	1563	87139	Fairchild Semiconductor International Inc	FSC	2015-07-16	2015-07-16	2015-07-30
T1592	1592	13527	Five Below Inc	FWIN	2016-06-02	2016-06-02	2016-06-16
T1599	1599	13527	Five Below Inc	FWIN	2017-11-30	2017-11-30	2017-12-14
T1619	1619	17058	Four Seasons Education (Cayman) Inc	FEDU	2018-10-24	2018-10-24	2018-11-07
T1622	1622	14089	Franks International NV	FIFI	2015-04-29	2015-04-29	2015-05-13
T1631	1631	23887	Frontier Communications Corp	CIT1	2016-08-01	2016-08-01	2016-08-15
T1632	1632	23887	Frontier Communications Corp	CIT1	2017-08-01	2017-08-01	2017-08-15
T1634	1634	23887	Frontier Communications Corp	CIT1	2016-02-23	2016-02-23	2016-03-08
T1635	1635	23887	Frontier Communications Corp	CIT1	2018-07-31	2018-07-31	2018-08-14
T1636	1636	23887	Frontier Communications Corp	CIT1	2017-10-31	2017-10-31	2017-11-14
T1641	1641	14252	Gaming and Leisure Properties Inc	GLPI	2018-08-01	2018-08-01	2018-08-15
T1642	1642	14252	Gaming and Leisure Properties Inc	GLPI	2018-11-01	2018-11-01	2018-11-15
T1643	1643	14252	Gaming and Leisure Properties Inc	GLPI	2016-08-09	2016-08-09	2016-08-23
T1645	1645	14252	Gaming and Leisure Properties Inc	GLPI	2016-04-26	2016-04-26	2016-05-10
T1646	1646	59010	Gap Inc	GPS	2017-11-16	2017-11-16	2017-11-30
T1648	1648	59010	Gap Inc	GPS	2015-11-19	2015-11-19	2015-12-03
T1649	1649	59010	Gap Inc	GPS	2018-08-23	2018-08-23	2018-09-06
T1650	1650	59010	Gap Inc	GPS	2018-05-24	2018-05-24	2018-06-07
T1654	1654	88837	Garmin Ltd	GRMN	2018-08-01	2018-08-01	2018-08-15
T1655	1655	88837	Garmin Ltd	GRMN	2015-02-18	2015-02-18	2015-03-04
T1708	1708	77274	Gilead Sciences Inc	GIL1	2018-05-01	2018-05-01	2018-05-15
T1709	1709	77274	Gilead Sciences Inc	GIL1	2016-11-01	2016-11-01	2016-11-15
T1710	1710	77274	Gilead Sciences Inc	GIL1	2016-02-02	2016-02-02	2016-02-16
T1711	1711	77274	Gilead Sciences Inc	GIL1	2017-05-02	2017-05-02	2017-05-16
T1712	1712	77274	Gilead Sciences Inc	GIL1	2015-02-03	2015-02-03	2015-02-17
T1713	1713	77274	Gilead Sciences Inc	GIL1	2018-02-06	2018-02-06	2018-02-20
T1714	1714	77274	Gilead Sciences Inc	GIL1	2017-02-07	2017-02-07	2017-02-21
T1715	1715	77274	Gilead Sciences Inc	GIL1	2016-07-25	2016-07-25	2016-08-08
T1716	1716	77274	Gilead Sciences Inc	GIL1	2018-07-25	2018-07-25	2018-08-08
T1717	1717	77274	Gilead Sciences Inc	GIL1	2018-10-25	2018-10-25	2018-11-08
T1718	1718	77274	Gilead Sciences Inc	GIL1	2017-07-26	2017-07-26	2017-08-09
T1719	1719	77274	Gilead Sciences Inc	GIL1	2017-10-26	2017-10-26	2017-11-09
T1720	1720	77274	Gilead Sciences Inc	GIL1	2015-10-27	2015-10-27	2015-11-10
T1721	1721	77274	Gilead Sciences Inc	GIL1	2016-04-28	2016-04-28	2016-05-12
T1722	1722	77274	Gilead Sciences Inc	GIL1	2015-07-28	2015-07-28	2015-08-11
T1723	1723	77274	Gilead Sciences Inc	GIL1	2015-04-30	2015-04-30	2015-05-14
T1728	1728	13543	Globus Medical Inc	GMEZ	2015-11-03	2015-11-03	2015-11-17
T1731	1731	13543	Globus Medical Inc	GMEZ	2016-02-24	2016-02-24	2016-03-09
T1791	1791	14567	GrubHub Inc	GRUB	2016-02-04	2016-02-04	2016-02-18
T1792	1792	14567	GrubHub Inc	GRUB	2018-10-25	2018-10-25	2018-11-08
T1793	1793	14567	GrubHub Inc	GRUB	2016-10-26	2016-10-26	2016-11-09
T1796	1796	91128	Gulfport Energy Corp	GPOR	2016-02-18	2016-02-18	2016-03-03
T1809	1809	23819	Halliburton Co	HAL	2017-01-23	2017-01-23	2017-02-06
T1811	1811	23819	Halliburton Co	HAL	2017-07-24	2017-07-24	2017-08-07
T1812	1812	14941	Halyard Health Inc	HYHWI	2016-11-02	2016-11-02	2016-11-16
T1813	1813	14941	Halyard Health Inc	HYHWI	2016-02-29	2016-02-29	2016-03-14
T1814	1814	16632	Hamilton Lane Inc	HLNE	2018-08-07	2018-08-07	2018-08-21
T1815	1815	16632	Hamilton Lane Inc	HLNE	2017-11-07	2017-11-07	2017-11-21
T1816	1816	16632	Hamilton Lane Inc	HLNE	2017-08-08	2017-08-08	2017-08-22
T1817	1817	76684	Hancock Holding Co	HBHC	2016-01-22	2016-01-22	2016-02-05
T1818	1818	91416	HanesBrands Inc	HBI	2016-08-02	2016-08-02	2016-08-16
T1819	1819	91416	HanesBrands Inc	HBI	2017-05-02	2017-05-02	2017-05-16
T1820	1820	91416	HanesBrands Inc	HBI	2016-02-04	2016-02-04	2016-02-18
T1821	1821	91416	HanesBrands Inc	HBI	2015-04-23	2015-04-23	2015-05-07
T1822	1822	91416	HanesBrands Inc	HBI	2016-10-27	2016-10-27	2016-11-10
T1823	1823	91416	HanesBrands Inc	HBI	2015-10-28	2015-10-28	2015-11-11
T1824	1824	91416	HanesBrands Inc	HBI	2015-07-30	2015-07-30	2015-08-13
T1825	1825	70033	Harley-Davidson Inc	HDI	2015-04-21	2015-04-21	2015-05-05
T1826	1826	75224	Harman International Industries Inc	HIII	2015-08-04	2015-08-04	2015-08-18
T1827	1827	75224	Harman International Industries Inc	HIII	2015-01-29	2015-01-29	2015-02-12
T1828	1828	75224	Harman International Industries Inc	HIII	2015-04-30	2015-04-30	2015-05-14
T1829	1829	81666	Hawaiian Holdings Inc	HAI	2017-10-19	2017-10-19	2017-11-02
T1830	1830	81666	Hawaiian Holdings Inc	HAI	2017-04-20	2017-04-20	2017-05-04
T1831	1831	81666	Hawaiian Holdings Inc	HAI	2017-01-24	2017-01-24	2017-02-07
T1832	1832	81666	Hawaiian Holdings Inc	HAI	2017-07-25	2017-07-25	2017-08-08
T1833	1833	81666	Hawaiian Holdings Inc	HAI	2018-01-29	2018-01-29	2018-02-12
T1834	1834	79233	Healthcare Realty Trust Inc	HEA	2018-11-02	2018-11-02	2018-11-16
T1835	1835	13439	Healthcare Trust Of America Inc	HTAN	2018-10-26	2018-10-26	2018-11-09
T1836	1836	85168	Helix Energy Solutions Group Inc	CDIS	2015-10-20	2015-10-20	2015-11-03
T1837	1837	85168	Helix Energy Solutions Group Inc	CDIS	2015-07-21	2015-07-21	2015-08-04
T1838	1838	82581	Henry Schein Inc	HSIC	2017-11-06	2017-11-06	2017-11-20
T1839	1839	16600	Hershey Co	HSY	2018-02-01	2018-02-01	2018-02-15
T1840	1840	16600	Hershey Co	HSY	2017-02-03	2017-02-03	2017-02-17
T1841	1841	16600	Hershey Co	HSY	2015-08-07	2015-08-07	2015-08-21
T1842	1842	16600	Hershey Co	HSY	2016-04-26	2016-04-26	2016-05-10
T1843	1843	16600	Hershey Co	HSY	2017-07-26	2017-07-26	2017-08-09
T1844	1844	16600	Hershey Co	HSY	2016-07-28	2016-07-28	2016-08-11
T1845	1845	16600	Hershey Co	HSY	2016-10-28	2016-10-28	2016-11-11
T1846	1846	28484	Hess Corp	AHC	2018-07-25	2018-07-25	2018-08-08
T1847	1847	28484	Hess Corp	AHC	2017-10-25	2017-10-25	2017-11-08
T1848	1848	28484	Hess Corp	AHC	2016-04-27	2016-04-27	2016-05-11
T1849	1849	16665	Hess Midstream Partners LP	HESM	2017-10-26	2017-10-26	2017-11-09
T1850	1850	80688	Highwoods Properties Inc	HIW	2015-08-05	2015-08-05	2015-08-19
T1851	1851	80688	Highwoods Properties Inc	HIW	2015-04-29	2015-04-29	2015-05-13
T1852	1852	52716	Hill-Rom Holdings Inc	HB	2018-11-02	2018-11-02	2018-11-16
T1853	1853	52716	Hill-Rom Holdings Inc	HB	2015-02-03	2015-02-03	2015-02-17
T1854	1854	52716	Hill-Rom Holdings Inc	HB	2017-11-03	2017-11-03	2017-11-17
T1855	1855	52716	Hill-Rom Holdings Inc	HB	2015-05-05	2015-05-05	2015-05-19
T1856	1856	52716	Hill-Rom Holdings Inc	HB	2015-11-05	2015-11-05	2015-11-19
T1857	1857	52716	Hill-Rom Holdings Inc	HB	2018-01-26	2018-01-26	2018-02-09
T1859	1859	52716	Hill-Rom Holdings Inc	HB	2017-01-27	2017-01-27	2017-02-10
T1860	1860	52716	Hill-Rom Holdings Inc	HB	2018-07-27	2018-07-27	2018-08-10
T1861	1861	52716	Hill-Rom Holdings Inc	HB	2017-07-28	2017-07-28	2017-08-11
T1864	1864	14338	Hilton Worldwide Holdings Inc	HLTT	2017-02-15	2017-02-15	2017-03-01
T1865	1865	14338	Hilton Worldwide Holdings Inc	HLTT	2018-07-25	2018-07-25	2018-08-08
T1868	1868	14338	Hilton Worldwide Holdings Inc	HLTT	2016-04-27	2016-04-27	2016-05-11
T1870	1870	91163	Himax Technologies Inc	HIMX	2016-02-04	2016-02-04	2016-02-18
T1871	1871	91163	Himax Technologies Inc	HIMX	2017-11-09	2017-11-09	2017-11-23
T1872	1872	91163	Himax Technologies Inc	HIMX	2018-02-13	2018-02-13	2018-02-27
T1873	1873	14857	Hoegh LNG Partners LP	HMLP	2016-11-17	2016-11-17	2016-12-01
T1874	1874	14857	Hoegh LNG Partners LP	HMLP	2017-08-24	2017-08-24	2017-09-07
T1875	1875	32803	HollyFrontier Corp	HOC	2015-08-05	2015-08-05	2015-08-19
T1876	1876	32803	HollyFrontier Corp	HOC	2015-11-05	2015-11-05	2015-11-19
T1877	1877	32803	HollyFrontier Corp	HOC	2015-05-06	2015-05-06	2015-05-20
T1879	1879	76095	Hologic Inc	HOLX	2015-11-04	2015-11-04	2015-11-18
T1887	1887	66181	Home Depot Inc	HD	2018-08-14	2018-08-14	2018-08-28
T1888	1888	66181	Home Depot Inc	HD	2017-08-15	2017-08-15	2017-08-29
T1891	1891	66181	Home Depot Inc	HD	2016-08-16	2016-08-16	2016-08-30
T1894	1894	66181	Home Depot Inc	HD	2015-11-17	2015-11-17	2015-12-01
T1895	1895	66181	Home Depot Inc	HD	2015-08-18	2015-08-18	2015-09-01
T1896	1896	66181	Home Depot Inc	HD	2015-05-19	2015-05-19	2015-06-02
T1897	1897	66181	Home Depot Inc	HD	2018-02-20	2018-02-20	2018-03-06
T1906	1906	12919	Horizon Pharma PLC	HZNP	2018-11-07	2018-11-07	2018-11-21
T1907	1907	12919	Horizon Pharma PLC	HZNP	2017-05-08	2017-05-08	2017-05-22
T1908	1908	12919	Horizon Pharma PLC	HZNP	2018-05-09	2018-05-09	2018-05-23
T1909	1909	12919	Horizon Pharma PLC	HZNP	2017-02-27	2017-02-27	2017-03-13
T1910	1910	15785	Hostess Brands Inc	TWNK	2018-02-28	2018-02-28	2018-03-14
T1911	1911	14312	Houghton Mifflin Harcourt Co	HMHC	2016-05-04	2016-05-04	2016-05-18
T1912	1912	14312	Houghton Mifflin Harcourt Co	HMHC	2015-11-05	2015-11-05	2015-11-19
T1913	1913	14312	Houghton Mifflin Harcourt Co	HMHC	2015-02-26	2015-02-26	2015-03-12
T1914	1914	83272	Hub Group Inc	HUBG	2018-10-25	2018-10-25	2018-11-08
T1915	1915	83272	Hub Group Inc	HUBG	2016-04-26	2016-04-26	2016-05-10
T1916	1916	83272	Hub Group Inc	HUBG	2016-07-26	2016-07-26	2016-08-09
T1926	1926	32942	Hubbell Inc	HUB1	2018-10-23	2018-10-23	2018-11-06
T1929	1929	32942	Hubbell Inc	HUB1	2016-07-26	2016-07-26	2016-08-09
T1930	1930	17308	Hudson Ltd	HUD	2018-08-03	2018-08-03	2018-08-17
T1931	1931	48653	Humana Inc	HUM	2018-08-01	2018-08-01	2018-08-15
T1932	1932	48653	Humana Inc	HUM	2017-08-02	2017-08-02	2017-08-16
T1956	1956	11752	II-VI Inc	IIVI	2018-05-01	2018-05-01	2018-05-15
T1957	1957	11752	II-VI Inc	IIVI	2018-11-01	2018-11-01	2018-11-15
T1958	1958	11752	II-VI Inc	IIVI	2018-08-07	2018-08-07	2018-08-21
T1966	1966	56573	Illinois Tool Works Inc	ITW	2018-10-24	2018-10-24	2018-11-07
T1975	1975	88446	Illumina Inc	ILMN	2017-04-25	2017-04-25	2017-05-09
T1978	1978	88446	Illumina Inc	ILMN	2018-07-30	2018-07-30	2018-08-13
T1982	1982	13080	Imperva Inc	IMPP	2016-05-05	2016-05-05	2016-05-19
T2035	2035	82179	Integra LifeSciences Holdings Corp	IART	2015-11-03	2015-11-03	2015-11-17
T2075	2075	88352	Intuitive Surgical Inc	ISRG	2015-01-22	2015-01-22	2015-02-05
T2076	2076	88352	Intuitive Surgical Inc	ISRG	2017-01-24	2017-01-24	2017-02-07
T2077	2077	88352	Intuitive Surgical Inc	ISRG	2018-01-25	2018-01-25	2018-02-08
T2078	2078	13911	Iqvia Holdings Inc	QQUN	2018-07-24	2018-07-24	2018-08-07
T2079	2079	93264	Ironwood Pharmaceuticals Inc	IRWD	2015-11-03	2015-11-03	2015-11-17
T2084	2084	18403	J C Penney Company Inc	JCP	2016-11-11	2016-11-11	2016-11-25
T2086	2086	18403	J C Penney Company Inc	JCP	2015-11-13	2015-11-13	2015-11-27
T2104	2104	88313	Janus Capital Group Inc	SV	2017-04-20	2017-04-20	2017-05-04
T2105	2105	88313	Janus Capital Group Inc	SV	2015-01-22	2015-01-22	2015-02-05
T2106	2106	88313	Janus Capital Group Inc	SV	2017-01-24	2017-01-24	2017-02-07
T2107	2107	88313	Janus Capital Group Inc	SV	2016-10-25	2016-10-25	2016-11-08
T2112	2112	89353	JetBlue Airways Corp	JBLU	2015-07-28	2015-07-28	2015-08-11
T2124	2124	22111	Johnson & Johnson	JNJ	2018-01-23	2018-01-23	2018-02-06
T2125	2125	22111	Johnson & Johnson	JNJ	2017-01-24	2017-01-24	2017-02-07
T2126	2126	22111	Johnson & Johnson	JNJ	2016-01-26	2016-01-26	2016-02-09
T2193	2193	64282	L Brands Inc	LTD	2016-02-25	2016-02-25	2016-03-10
T2198	2198	14573	La Quinta Holdings Inc	0039	2016-02-24	2016-02-24	2016-03-09
T2202	2202	12062	Laboratory Corporation of America Holdings	NHLI	2015-02-20	2015-02-20	2015-03-06
T2204	2204	12062	Laboratory Corporation of America Holdings	NHLI	2018-07-25	2018-07-25	2018-08-08
T2234	2234	15092	LendingClub Corp	00EG	2018-08-07	2018-08-07	2018-08-21
T2240	2240	82643	Lexmark International Inc	LXK	2015-07-21	2015-07-21	2015-08-04
T2241	2241	82643	Lexmark International Inc	LXK	2015-01-27	2015-01-27	2015-02-10
T2253	2253	10299	Linear Technology Corp	LLTC	2015-04-15	2015-04-15	2015-04-29
T2282	2282	35554	M&T Bank Corp	FEMP	2018-04-16	2018-04-16	2018-04-30
T2283	2283	35554	M&T Bank Corp	FEMP	2017-04-17	2017-04-17	2017-05-01
T2284	2284	35554	M&T Bank Corp	FEMP	2018-10-17	2018-10-17	2018-10-31
T2285	2285	35554	M&T Bank Corp	FEMP	2016-04-18	2016-04-18	2016-05-02
T2286	2286	35554	M&T Bank Corp	FEMP	2018-01-18	2018-01-18	2018-02-01
T2287	2287	35554	M&T Bank Corp	FEMP	2018-07-18	2018-07-18	2018-08-01
T2288	2288	35554	M&T Bank Corp	FEMP	2017-10-18	2017-10-18	2017-11-01
T2289	2289	35554	M&T Bank Corp	FEMP	2017-01-19	2017-01-19	2017-02-02
T2290	2290	35554	M&T Bank Corp	FEMP	2015-10-19	2015-10-19	2015-11-02
T2291	2291	35554	M&T Bank Corp	FEMP	2016-10-19	2016-10-19	2016-11-02
T2292	2292	35554	M&T Bank Corp	FEMP	2015-01-20	2015-01-20	2015-02-03
T2359	2359	91233	Mastercard Inc	MAAA	2016-07-28	2016-07-28	2016-08-11
T2399	2399	81061	McKesson Corp	MCK	2017-07-27	2017-07-27	2017-08-10
T2400	2400	81061	McKesson Corp	MCK	2016-10-27	2016-10-27	2016-11-10
T2401	2401	92890	Mead Johnson Nutrition Co	MJN	2015-07-23	2015-07-23	2015-08-06
T2402	2402	92890	Mead Johnson Nutrition Co	MJN	2017-01-26	2017-01-26	2017-02-09
T2403	2403	92890	Mead Johnson Nutrition Co	MJN	2016-10-27	2016-10-27	2016-11-10
T2404	2404	92890	Mead Johnson Nutrition Co	MJN	2016-04-28	2016-04-28	2016-05-12
T2405	2405	92890	Mead Johnson Nutrition Co	MJN	2016-07-28	2016-07-28	2016-08-11
T2406	2406	92890	Mead Johnson Nutrition Co	MJN	2015-01-29	2015-01-29	2015-02-12
T2407	2407	92940	Medidata Solutions Inc	MDSO	2015-02-05	2015-02-05	2015-02-19
T2408	2408	92940	Medidata Solutions Inc	MDSO	2018-10-18	2018-10-18	2018-11-01
T2409	2409	92940	Medidata Solutions Inc	MDSO	2015-04-23	2015-04-23	2015-05-07
T2410	2410	92940	Medidata Solutions Inc	MDSO	2018-07-24	2018-07-24	2018-08-07
T2411	2411	60097	Medtronic PLC	MDT	2016-03-01	2016-03-01	2016-03-15
T2413	2413	60097	Medtronic PLC	MDT	2015-12-03	2015-12-03	2015-12-17
T2414	2414	60097	Medtronic PLC	MDT	2015-09-03	2015-09-03	2015-09-17
T2415	2415	60097	Medtronic PLC	MDT	2015-02-17	2015-02-17	2015-03-03
T2417	2417	60097	Medtronic PLC	MDT	2018-11-20	2018-11-20	2018-12-04
T2426	2426	92221	MercadoLibre Inc	MELL	2016-11-03	2016-11-03	2016-11-17
T2427	2427	92221	MercadoLibre Inc	MELL	2015-08-05	2015-08-05	2015-08-19
T2428	2428	92221	MercadoLibre Inc	MELL	2015-05-06	2015-05-06	2015-05-20
T2431	2431	22752	Merck & Co Inc	MRK	2018-02-02	2018-02-02	2018-02-16
T2432	2432	22752	Merck & Co Inc	MRK	2017-05-02	2017-05-02	2017-05-16
T2433	2433	22752	Merck & Co Inc	MRK	2016-02-03	2016-02-03	2016-02-17
T2436	2436	22752	Merck & Co Inc	MRK	2018-10-25	2018-10-25	2018-11-08
T2441	2441	22752	Merck & Co Inc	MRK	2015-07-28	2015-07-28	2015-08-11
T2442	2442	87842	Metlife Inc	METL	2015-02-12	2015-02-12	2015-02-26
T2443	2443	13142	Michael Kors Holdings Ltd	KORS	2016-02-02	2016-02-02	2016-02-16
T2444	2444	13142	Michael Kors Holdings Ltd	KORS	2015-11-04	2015-11-04	2015-11-18
T2445	2445	13142	Michael Kors Holdings Ltd	KORS	2015-02-05	2015-02-05	2015-02-19
T2446	2446	13142	Michael Kors Holdings Ltd	KORS	2015-08-06	2015-08-06	2015-08-20
T2447	2447	13142	Michael Kors Holdings Ltd	KORS	2017-11-06	2017-11-06	2017-11-20
T2448	2448	13142	Michael Kors Holdings Ltd	KORS	2018-02-07	2018-02-07	2018-02-21
T2449	2449	13142	Michael Kors Holdings Ltd	KORS	2018-11-07	2018-11-07	2018-11-21
T2450	2450	13142	Michael Kors Holdings Ltd	KORS	2017-08-08	2017-08-08	2017-08-22
T2451	2451	13142	Michael Kors Holdings Ltd	KORS	2018-08-08	2018-08-08	2018-08-22
T2452	2452	13142	Michael Kors Holdings Ltd	KORS	2016-08-10	2016-08-10	2016-08-24
T2453	2453	13142	Michael Kors Holdings Ltd	KORS	2016-11-10	2016-11-10	2016-11-24
T2454	2454	13142	Michael Kors Holdings Ltd	KORS	2015-05-27	2015-05-27	2015-06-10
T2455	2455	13142	Michael Kors Holdings Ltd	KORS	2018-05-30	2018-05-30	2018-06-13
T2456	2456	14696	Michaels Companies Inc	MIK	2015-12-03	2015-12-03	2015-12-17
T2457	2457	14696	Michaels Companies Inc	MIK	2016-12-06	2016-12-06	2016-12-20
T2458	2458	14696	Michaels Companies Inc	MIK	2018-12-06	2018-12-06	2018-12-20
T2463	2463	14696	Michaels Companies Inc	MIK	2016-08-25	2016-08-25	2016-09-08
T2464	2464	14696	Michaels Companies Inc	MIK	2015-08-27	2015-08-27	2015-09-10
T2507	2507	15430	Mindbody Inc	00RL	2016-10-26	2016-10-26	2016-11-09
T2511	2511	14697	MobileIron Inc	006J	2015-07-30	2015-07-30	2015-08-13
T2512	2512	14697	MobileIron Inc	006J	2017-10-31	2017-10-31	2017-11-14
T2528	2528	89781	Molina Healthcare Inc	MOHY	2018-04-30	2018-04-30	2018-05-14
T2529	2529	59248	Molson Coors Brewing Co	ACCO	2018-08-01	2018-08-01	2018-08-15
T2530	2530	59248	Molson Coors Brewing Co	ACCO	2018-05-02	2018-05-02	2018-05-16
T2532	2532	89006	Mondelez International Inc	KFT	2016-02-03	2016-02-03	2016-02-17
T2534	2534	89006	Mondelez International Inc	KFT	2016-10-26	2016-10-26	2016-11-09
T2536	2536	89006	Mondelez International Inc	KFT	2016-07-27	2016-07-27	2016-08-10
T2539	2539	90213	MoneyGram International Inc	MGII	2018-08-03	2018-08-03	2018-08-17
T2542	2542	88668	Monsanto Co	MONN	2015-04-01	2015-04-01	2015-04-15
T2543	2543	88668	Monsanto Co	MONN	2018-01-04	2018-01-04	2018-01-18
T2544	2544	88668	Monsanto Co	MONN	2017-04-05	2017-04-05	2017-04-19
T2545	2545	88668	Monsanto Co	MONN	2017-01-05	2017-01-05	2017-01-19
T2546	2546	88668	Monsanto Co	MONN	2016-04-06	2016-04-06	2016-04-20
T2547	2547	88668	Monsanto Co	MONN	2016-01-06	2016-01-06	2016-01-20
T2548	2548	88668	Monsanto Co	MONN	2015-01-07	2015-01-07	2015-01-21
T2549	2549	88668	Monsanto Co	MONN	2015-10-07	2015-10-07	2015-10-21
T2550	2550	88668	Monsanto Co	MONN	2017-06-28	2017-06-28	2017-07-12
T2551	2551	88031	Monster Beverage Corp	HANS	2018-05-08	2018-05-08	2018-05-22
T2552	2552	90386	Mosaic Co	MOSC	2017-08-01	2017-08-01	2017-08-15
T2553	2553	90386	Mosaic Co	MOSC	2016-11-01	2016-11-01	2016-11-15
T2554	2554	90386	Mosaic Co	MOSC	2016-08-02	2016-08-02	2016-08-16
T2555	2555	90386	Mosaic Co	MOSC	2017-05-02	2017-05-02	2017-05-16
T2556	2556	90386	Mosaic Co	MOSC	2015-08-04	2015-08-04	2015-08-18
T2557	2557	90386	Mosaic Co	MOSC	2016-05-04	2016-05-04	2016-05-18
T2558	2558	90386	Mosaic Co	MOSC	2018-08-07	2018-08-07	2018-08-21
T2559	2559	90386	Mosaic Co	MOSC	2017-02-07	2017-02-07	2017-02-21
T2560	2560	90386	Mosaic Co	MOSC	2015-02-11	2015-02-11	2015-02-25
T2561	2561	90386	Mosaic Co	MOSC	2017-10-31	2017-10-31	2017-11-14
T2562	2562	69550	Mylan NV	MYLN	2018-08-08	2018-08-08	2018-08-22
T2563	2563	69550	Mylan NV	MYLN	2016-08-09	2016-08-09	2016-08-23
T2564	2564	69550	Mylan NV	MYLN	2018-05-09	2018-05-09	2018-05-23
T2565	2565	69550	Mylan NV	MYLN	2016-02-10	2016-02-10	2016-02-24
T2566	2566	69550	Mylan NV	MYLN	2017-05-10	2017-05-10	2017-05-24
T2569	2569	90071	NRG Energy Inc	NRGE	2017-05-02	2017-05-02	2017-05-16
T2570	2570	90071	NRG Energy Inc	NRGE	2015-08-04	2015-08-04	2015-08-18
T2571	2571	90071	NRG Energy Inc	NRGE	2016-05-05	2016-05-05	2016-05-19
T2572	2572	90071	NRG Energy Inc	NRGE	2015-05-08	2015-05-08	2015-05-22
T2573	2573	14030	NRG Yield Inc	NYLD	2015-08-04	2015-08-04	2015-08-18
T2587	2587	12084	NXP Semiconductors NV	NXPI	2018-11-01	2018-11-01	2018-11-15
T2588	2588	12084	NXP Semiconductors NV	NXPI	2015-02-05	2015-02-05	2015-02-19
T2589	2589	12084	NXP Semiconductors NV	NXPI	2016-04-26	2016-04-26	2016-05-10
T2590	2590	12084	NXP Semiconductors NV	NXPI	2015-04-30	2015-04-30	2015-05-14
T2592	2592	29102	Nabors Industries Ltd	AEL	2017-10-25	2017-10-25	2017-11-08
T2593	2593	29102	Nabors Industries Ltd	AEL	2016-04-26	2016-04-26	2016-05-10
T2594	2594	29102	Nabors Industries Ltd	AEL	2016-10-26	2016-10-26	2016-11-09
T2597	2597	13962	NanoString Technologies Inc	NSTQ	2015-11-02	2015-11-02	2015-11-16
T2598	2598	13962	NanoString Technologies Inc	NSTQ	2016-08-03	2016-08-03	2016-08-17
T2599	2599	13962	NanoString Technologies Inc	NSTQ	2015-08-04	2015-08-04	2015-08-18
T2600	2600	13962	NanoString Technologies Inc	NSTQ	2018-08-07	2018-08-07	2018-08-21
T2601	2601	13962	NanoString Technologies Inc	NSTQ	2015-02-24	2015-02-24	2015-03-10
T2604	2604	14464	National General Holdings Corp	NGHC	2016-08-02	2016-08-02	2016-08-16
T2605	2605	14464	National General Holdings Corp	NGHC	2016-05-03	2016-05-03	2016-05-17
T2606	2606	14464	National General Holdings Corp	NGHC	2016-11-03	2016-11-03	2016-11-17
T2607	2607	14464	National General Holdings Corp	NGHC	2018-08-07	2018-08-07	2018-08-21
T2608	2608	14464	National General Holdings Corp	NGHC	2017-08-08	2017-08-08	2017-08-22
T2609	2609	14464	National General Holdings Corp	NGHC	2017-05-08	2017-05-08	2017-05-22
T2610	2610	14464	National General Holdings Corp	NGHC	2017-11-09	2017-11-09	2017-11-23
T2611	2611	84032	National Oilwell Varco Inc	NOI	2017-04-27	2017-04-27	2017-05-11
T2612	2612	84032	National Oilwell Varco Inc	NOI	2016-10-27	2016-10-27	2016-11-10
T2613	2613	84032	National Oilwell Varco Inc	NOI	2017-10-27	2017-10-27	2017-11-10
T2614	2614	84032	National Oilwell Varco Inc	NOI	2016-04-28	2016-04-28	2016-05-12
T2663	2663	79859	New York Community Bancorp Inc	QCSB	2016-04-20	2016-04-20	2016-05-04
T2664	2664	79859	New York Community Bancorp Inc	QCSB	2015-07-22	2015-07-22	2015-08-05
T2665	2665	79859	New York Community Bancorp Inc	QCSB	2018-10-24	2018-10-24	2018-11-07
T2666	2666	79859	New York Community Bancorp Inc	QCSB	2018-04-25	2018-04-25	2018-05-09
T2667	2667	79859	New York Community Bancorp Inc	QCSB	2017-01-25	2017-01-25	2017-02-08
T2668	2668	79859	New York Community Bancorp Inc	QCSB	2017-10-25	2017-10-25	2017-11-08
T2669	2669	79859	New York Community Bancorp Inc	QCSB	2017-04-26	2017-04-26	2017-05-10
T2670	2670	79859	New York Community Bancorp Inc	QCSB	2017-07-26	2017-07-26	2017-08-09
T2671	2671	79859	New York Community Bancorp Inc	QCSB	2016-10-26	2016-10-26	2016-11-09
T2672	2672	79859	New York Community Bancorp Inc	QCSB	2016-07-27	2016-07-27	2016-08-10
T2673	2673	79859	New York Community Bancorp Inc	QCSB	2015-04-29	2015-04-29	2015-05-13
T2674	2674	79859	New York Community Bancorp Inc	QCSB	2015-01-29	2015-01-29	2015-02-12
T2675	2675	79859	New York Community Bancorp Inc	QCSB	2018-01-31	2018-01-31	2018-02-14
T2716	2716	57817	Nordstrom Inc	NOBE	2018-11-15	2018-11-15	2018-11-29
T2747	2747	90188	NuVasive Inc	NVSE	2016-02-11	2016-02-11	2016-02-25
T2748	2748	90188	NuVasive Inc	NVSE	2017-04-25	2017-04-25	2017-05-09
T2749	2749	90188	NuVasive Inc	NVSE	2017-07-27	2017-07-27	2017-08-10
T2750	2750	90188	NuVasive Inc	NVSE	2015-10-27	2015-10-27	2015-11-10
T2751	2751	90188	NuVasive Inc	NVSE	2018-10-30	2018-10-30	2018-11-13
T2752	2752	90188	NuVasive Inc	NVSE	2018-07-31	2018-07-31	2018-08-14
T2800	2800	58975	Oceaneering International Inc	OCER	2015-04-23	2015-04-23	2015-05-07
T2812	2812	13610	Olin Corp	OLN	2018-08-01	2018-08-01	2018-08-15
T2813	2813	13610	Olin Corp	OLN	2018-05-02	2018-05-02	2018-05-16
T2814	2814	13610	Olin Corp	OLN	2018-02-07	2018-02-07	2018-02-21
T2815	2815	13610	Olin Corp	OLN	2018-10-30	2018-10-30	2018-11-13
T2816	2816	30681	Omnicom Group Inc	DOYL	2017-02-07	2017-02-07	2017-02-21
T2820	2820	30681	Omnicom Group Inc	DOYL	2017-04-18	2017-04-18	2017-05-02
T2822	2822	30681	Omnicom Group Inc	DOYL	2017-07-20	2017-07-20	2017-08-03
T2823	2823	30681	Omnicom Group Inc	DOYL	2015-10-20	2015-10-20	2015-11-03
T2824	2824	30681	Omnicom Group Inc	DOYL	2015-04-21	2015-04-21	2015-05-05
T2832	2832	90756	Oshkosh Corp	OTRK	2018-04-26	2018-04-26	2018-05-10
T2835	2835	60506	PACCAR Inc	PCAR	2018-04-24	2018-04-24	2018-05-08
T2849	2849	13511	Palo Alto Networks Inc	PLLO	2015-11-23	2015-11-23	2015-12-07
T2851	2851	13511	Palo Alto Networks Inc	PLLO	2015-05-27	2015-05-27	2015-06-10
T2853	2853	13511	Palo Alto Networks Inc	PLLO	2017-05-31	2017-05-31	2017-06-14
T2854	2854	12873	Pandora Media Inc	PPPP	2017-05-08	2017-05-08	2017-05-22
T2855	2855	12873	Pandora Media Inc	PPPP	2017-02-09	2017-02-09	2017-02-23
T2856	2856	12873	Pandora Media Inc	PPPP	2016-07-21	2016-07-21	2016-08-04
T2857	2857	12873	Pandora Media Inc	PPPP	2015-07-23	2015-07-23	2015-08-06
T2858	2858	12873	Pandora Media Inc	PPPP	2016-04-28	2016-04-28	2016-05-12
T2876	2876	16159	Patheon NV	PTHN	2017-03-16	2017-03-16	2017-03-30
T2877	2877	14168	Pattern Energy Group Inc	GEPI	2016-05-09	2016-05-09	2016-05-23
T2882	2882	15488	PayPal Holdings Inc	PYPLV	2018-10-18	2018-10-18	2018-11-01
T2887	2887	80563	Penn National Gaming Inc	PENN	2018-02-08	2018-02-08	2018-02-22
T2888	2888	80563	Penn National Gaming Inc	PENN	2015-04-23	2015-04-23	2015-05-07
T2889	2889	80563	Penn National Gaming Inc	PENN	2018-04-26	2018-04-26	2018-05-10
T2890	2890	80563	Penn National Gaming Inc	PENN	2017-10-26	2017-10-26	2017-11-09
T2891	2891	80563	Penn National Gaming Inc	PENN	2017-04-27	2017-04-27	2017-05-11
T2892	2892	80563	Penn National Gaming Inc	PENN	2016-10-27	2016-10-27	2016-11-10
T2893	2893	80563	Penn National Gaming Inc	PENN	2015-01-29	2015-01-29	2015-02-12
T2908	2908	13856	PepsiCo Inc	PEP	2016-04-18	2016-04-18	2016-05-02
T2917	2917	15724	Performance Food Group Co	00V5	2017-05-10	2017-05-10	2017-05-24
T2921	2921	13559	Performant Financial Corp	PFMT	2015-08-05	2015-08-05	2015-08-19
T2922	2922	13559	Performant Financial Corp	PFMT	2015-05-06	2015-05-06	2015-05-20
T2923	2923	42200	PerkinElmer Inc	EGG	2018-08-01	2018-08-01	2018-08-15
T2924	2924	42200	PerkinElmer Inc	EGG	2017-02-02	2017-02-02	2017-02-16
T2925	2925	42200	PerkinElmer Inc	EGG	2017-11-02	2017-11-02	2017-11-16
T2926	2926	42200	PerkinElmer Inc	EGG	2016-08-04	2016-08-04	2016-08-18
T2927	2927	42200	PerkinElmer Inc	EGG	2017-05-04	2017-05-04	2017-05-18
T2928	2928	42200	PerkinElmer Inc	EGG	2016-11-07	2016-11-07	2016-11-21
T2929	2929	42200	PerkinElmer Inc	EGG	2018-01-25	2018-01-25	2018-02-08
T2930	2930	42200	PerkinElmer Inc	EGG	2018-10-31	2018-10-31	2018-11-14
T2950	2950	14603	Phibro Animal Health Corp	003K	2017-11-07	2017-11-07	2017-11-21
T2951	2951	14603	Phibro Animal Health Corp	003K	2015-02-10	2015-02-10	2015-02-24
T2957	2957	14035	Phillips 66 Partners LP	PSXP	2018-02-02	2018-02-02	2018-02-16
T2974	2974	14406	Platform Specialty Products Corp	PLAH	2018-11-01	2018-11-01	2018-11-15
T2975	2975	14406	Platform Specialty Products Corp	PLAH	2017-11-02	2017-11-02	2017-11-16
T2978	2978	16505	Popular Inc	BDEP	2015-10-23	2015-10-23	2015-11-06
T2979	2979	16505	Popular Inc	BDEP	2018-04-24	2018-04-24	2018-05-08
T2980	2980	16505	Popular Inc	BDEP	2017-01-24	2017-01-24	2017-02-07
T2981	2981	16505	Popular Inc	BDEP	2015-07-24	2015-07-24	2015-08-07
T2982	2982	16505	Popular Inc	BDEP	2016-04-25	2016-04-25	2016-05-09
T2983	2983	16505	Popular Inc	BDEP	2016-10-25	2016-10-25	2016-11-08
T2984	2984	16505	Popular Inc	BDEP	2016-01-26	2016-01-26	2016-02-09
T2985	2985	16505	Popular Inc	BDEP	2016-07-26	2016-07-26	2016-08-09
T2986	2986	16505	Popular Inc	BDEP	2017-07-26	2017-07-26	2017-08-09
T2987	2987	16505	Popular Inc	BDEP	2015-04-27	2015-04-27	2015-05-11
T2988	2988	16505	Popular Inc	BDEP	2017-10-31	2017-10-31	2017-11-14
T2990	2990	77768	Praxair Inc	PX1	2018-07-26	2018-07-26	2018-08-09
T3008	3008	18163	Procter & Gamble Co	PG	2015-01-27	2015-01-27	2015-02-10
T3012	3012	85592	Prologis Inc	AMBP	2015-07-21	2015-07-21	2015-08-04
T3013	3013	13377	Proofpoint Inc	PFPT	2016-10-20	2016-10-20	2016-11-03
T3014	3014	13377	Proofpoint Inc	PFPT	2016-04-21	2016-04-21	2016-05-05
T3015	3015	13377	Proofpoint Inc	PFPT	2017-01-26	2017-01-26	2017-02-09
T3016	3016	13377	Proofpoint Inc	PFPT	2016-01-28	2016-01-28	2016-02-11
T3017	3017	86432	Prosperity Bancshares Inc	PRSP	2018-01-24	2018-01-24	2018-02-07
T3018	3018	86432	Prosperity Bancshares Inc	PRSP	2015-07-24	2015-07-24	2015-08-07
T3019	3019	89258	Prudential Financial Inc	PRU	2016-08-04	2016-08-04	2016-08-18
T3020	3020	89258	Prudential Financial Inc	PRU	2015-11-05	2015-11-05	2015-11-19
T3021	3021	89258	Prudential Financial Inc	PRU	2015-05-07	2015-05-07	2015-05-21
T3025	3025	15729	Pure Storage Inc	PSTG	2018-03-01	2018-03-01	2018-03-15
T3026	3026	15729	Pure Storage Inc	PSTG	2016-03-02	2016-03-02	2016-03-16
T3027	3027	15729	Pure Storage Inc	PSTG	2018-11-19	2018-11-19	2018-12-03
T3028	3028	15729	Pure Storage Inc	PSTG	2018-08-21	2018-08-21	2018-09-04
T3029	3029	15729	Pure Storage Inc	PSTG	2018-05-21	2018-05-21	2018-06-04
T3030	3030	15729	Pure Storage Inc	PSTG	2017-08-24	2017-08-24	2017-09-07
T3031	3031	15729	Pure Storage Inc	PSTG	2017-05-24	2017-05-24	2017-06-07
T3032	3032	15729	Pure Storage Inc	PSTG	2017-11-28	2017-11-28	2017-12-12
T3033	3033	15729	Pure Storage Inc	PSTG	2016-11-30	2016-11-30	2016-12-14
T3037	3037	80266	QLogic Corp	QLGC	2015-10-22	2015-10-22	2015-11-05
T3038	3038	80266	QLogic Corp	QLGC	2015-04-30	2015-04-30	2015-05-14
T3039	3039	80266	QLogic Corp	QLGC	2015-07-30	2015-07-30	2015-08-13
T3040	3040	83686	Qiagen NV	QGEN	2018-02-01	2018-02-01	2018-02-15
T3041	3041	83686	Qiagen NV	QGEN	2017-02-02	2017-02-02	2017-02-16
T3042	3042	83686	Qiagen NV	QGEN	2016-02-03	2016-02-03	2016-02-17
T3043	3043	83686	Qiagen NV	QGEN	2017-11-07	2017-11-07	2017-11-21
T3044	3044	83686	Qiagen NV	QGEN	2015-10-29	2015-10-29	2015-11-12
T3059	3059	16397	Quantenna Communications Inc	QTNA	2017-11-06	2017-11-06	2017-11-20
T3060	3060	16397	Quantenna Communications Inc	QTNA	2017-08-07	2017-08-07	2017-08-21
T3061	3061	16397	Quantenna Communications Inc	QTNA	2018-07-30	2018-07-30	2018-08-13
T3062	3062	17019	Qudian Inc	QD	2018-05-21	2018-05-21	2018-06-04
T3067	3067	16998	RISE Education Cayman Ltd	REDU	2018-05-11	2018-05-11	2018-05-25
T3068	3068	16998	RISE Education Cayman Ltd	REDU	2018-11-16	2018-11-16	2018-11-30
T3071	3071	92765	Rackspace Hosting Inc	RAX	2016-05-09	2016-05-09	2016-05-23
T3072	3072	92765	Rackspace Hosting Inc	RAX	2015-08-10	2015-08-10	2015-08-24
T3073	3073	92765	Rackspace Hosting Inc	RAX	2015-05-11	2015-05-11	2015-05-25
T3074	3074	92765	Rackspace Hosting Inc	RAX	2015-02-17	2015-02-17	2015-03-03
T3080	3080	85072	Ralph Lauren Corp	RAL1	2016-08-10	2016-08-10	2016-08-24
T3153	3153	15113	Restaurant Brands International Inc	00AP	2018-08-01	2018-08-01	2018-08-15
T3192	3192	45495	Rowan Companies PLC	RDC	2017-05-02	2017-05-02	2017-05-16
T3238	3238	90215	Salesforce.com Inc	CRMN	2015-11-18	2015-11-18	2015-12-02
T3239	3239	90215	Salesforce.com Inc	CRMN	2017-08-22	2017-08-22	2017-09-05
T3240	3240	90215	Salesforce.com Inc	CRMN	2016-02-24	2016-02-24	2016-03-09
T3241	3241	90215	Salesforce.com Inc	CRMN	2018-02-28	2018-02-28	2018-03-14
T3242	3242	90215	Salesforce.com Inc	CRMN	2018-08-29	2018-08-29	2018-09-12
T3243	3243	90215	Salesforce.com Inc	CRMN	2018-05-29	2018-05-29	2018-06-12
T3244	3244	90215	Salesforce.com Inc	CRMN	2016-08-31	2016-08-31	2016-09-14
T3257	3257	14414	Santander Consumer USA Holdings Inc	SCUS	2018-04-24	2018-04-24	2018-05-08
T3262	3262	14414	Santander Consumer USA Holdings Inc	SCUS	2015-10-29	2015-10-29	2015-11-12
T3263	3263	14414	Santander Consumer USA Holdings Inc	SCUS	2015-07-30	2015-07-30	2015-08-13
T3264	3264	14414	Santander Consumer USA Holdings Inc	SCUS	2018-01-31	2018-01-31	2018-02-14
T3280	3280	16648	Schneider National Inc	SNDR	2018-08-02	2018-08-02	2018-08-16
T3284	3284	79866	Schnitzer Steel Industries Inc	SCHN	2016-04-06	2016-04-06	2016-04-20
T3287	3287	79866	Schnitzer Steel Industries Inc	SCHN	2018-01-09	2018-01-09	2018-01-23
T3289	3289	14344	Scorpio Bulkers Inc	SATL	2018-02-05	2018-02-05	2018-02-19
T3290	3290	14344	Scorpio Bulkers Inc	SATL	2018-07-23	2018-07-23	2018-08-06
T3291	3291	14344	Scorpio Bulkers Inc	SATL	2017-10-23	2017-10-23	2017-11-06
T3301	3301	89641	Seagate Technology PLC	SEAA	2018-05-01	2018-05-01	2018-05-15
T3302	3302	89641	Seagate Technology PLC	SEAA	2018-11-02	2018-11-02	2018-11-16
T3303	3303	89641	Seagate Technology PLC	SEAA	2015-04-17	2015-04-17	2015-05-01
T3304	3304	89641	Seagate Technology PLC	SEAA	2017-10-23	2017-10-23	2017-11-06
T3305	3305	89641	Seagate Technology PLC	SEAA	2017-07-25	2017-07-25	2017-08-08
T3306	3306	89641	Seagate Technology PLC	SEAA	2015-01-26	2015-01-26	2015-02-09
T3307	3307	89641	Seagate Technology PLC	SEAA	2018-01-29	2018-01-29	2018-02-12
T3308	3308	89641	Seagate Technology PLC	SEAA	2018-07-30	2018-07-30	2018-08-13
T3309	3309	88949	Seattle Genetics Inc	SGEN	2018-02-06	2018-02-06	2018-02-20
T3311	3311	86136	Sempra Energy	SDO	2018-08-06	2018-08-06	2018-08-20
T3334	3334	90219	Ship Finance International Ltd	SFLI	2015-11-24	2015-11-24	2015-12-08
T3335	3335	90219	Ship Finance International Ltd	SFLI	2015-08-26	2015-08-26	2015-09-09
T3336	3336	90219	Ship Finance International Ltd	SFLI	2015-02-26	2015-02-26	2015-03-12
T3337	3337	90219	Ship Finance International Ltd	SFLI	2018-02-27	2018-02-27	2018-03-13
T3338	3338	90219	Ship Finance International Ltd	SFLI	2016-11-29	2016-11-29	2016-12-13
T3339	3339	90219	Ship Finance International Ltd	SFLI	2017-05-30	2017-05-30	2017-06-13
T3355	3355	90744	Silicon Motion Technology Corp	SIMO	2015-07-28	2015-07-28	2015-08-11
T3382	3382	14915	Smart & Final Stores Inc	00C5	2016-05-03	2016-05-03	2016-05-17
T3383	3383	14915	Smart & Final Stores Inc	00C5	2015-11-11	2015-11-11	2015-11-25
T3384	3384	14915	Smart & Final Stores Inc	00C5	2018-11-14	2018-11-14	2018-11-28
T3385	3385	14915	Smart & Final Stores Inc	00C5	2017-11-15	2017-11-15	2017-11-29
T3386	3386	14915	Smart & Final Stores Inc	00C5	2016-11-16	2016-11-16	2016-11-30
T3387	3387	14915	Smart & Final Stores Inc	00C5	2017-07-25	2017-07-25	2017-08-08
T3388	3388	14915	Smart & Final Stores Inc	00C5	2018-07-25	2018-07-25	2018-08-08
T3398	3398	76568	Sonic Corp	SONC	2017-06-22	2017-06-22	2017-07-06
T3399	3399	76568	Sonic Corp	SONC	2016-06-23	2016-06-23	2016-07-07
T3420	3420	13379	Splunk Inc	SPLZ	2015-08-27	2015-08-27	2015-09-10
T3515	3515	90394	Sunstone Hotel Investors Inc	SHO	2017-02-22	2017-02-22	2017-03-08
T3518	3518	77763	Superior Energy Services Inc	SESI	2016-04-29	2016-04-29	2016-05-13
T3523	3523	44951	Supervalu Inc	SVU	2016-07-27	2016-07-27	2016-08-10
T3525	3525	75607	Symantec Corp	SYMC	2017-02-01	2017-02-01	2017-02-15
T3526	3526	75607	Symantec Corp	SYMC	2017-11-01	2017-11-01	2017-11-15
T3530	3530	75607	Symantec Corp	SYMC	2016-05-12	2016-05-12	2016-05-26
T3534	3534	14776	Synchrony Financial	SYF	2015-07-17	2015-07-17	2015-07-31
T3583	3583	92157	TE Connectivity Ltd	TELW	2017-04-26	2017-04-26	2017-05-10
T3589	3589	13914	Tableau Software Inc	TBLS	2015-02-04	2015-02-04	2015-02-18
T3590	3590	13914	Tableau Software Inc	TBLS	2015-07-29	2015-07-29	2015-08-12
T3594	3594	13915	Tallgrass Energy Partners LP	TEPE	2018-02-13	2018-02-13	2018-02-27
T3601	3601	91321	Teck Resources Ltd	TKE	2016-10-27	2016-10-27	2016-11-10
T3602	3602	91321	Teck Resources Ltd	TKE	2016-07-28	2016-07-28	2016-08-11
T3608	3608	90703	Teekay LNG Partners LP	TGPN	2016-02-18	2016-02-18	2016-03-03
T3610	3610	90703	Teekay LNG Partners LP	TGPN	2017-02-23	2017-02-23	2017-03-09
T3628	3628	92293	Teradata Corp	TDC	2015-11-05	2015-11-05	2015-11-19
T3629	3629	92293	Teradata Corp	TDC	2018-02-08	2018-02-08	2018-02-22
T3630	3630	92293	Teradata Corp	TDC	2017-02-09	2017-02-09	2017-02-23
T3631	3631	92293	Teradata Corp	TDC	2017-04-27	2017-04-27	2017-05-11
T3632	3632	93436	Tesla Inc	TSLA	2018-08-01	2018-08-01	2018-08-15
T3633	3633	93436	Tesla Inc	TSLA	2015-11-03	2015-11-03	2015-11-17
T3634	3634	93436	Tesla Inc	TSLA	2016-05-04	2016-05-04	2016-05-18
T3635	3635	93436	Tesla Inc	TSLA	2015-05-06	2015-05-06	2015-05-20
T3636	3636	93436	Tesla Inc	TSLA	2018-02-07	2018-02-07	2018-02-21
T3637	3637	93436	Tesla Inc	TSLA	2016-02-10	2016-02-10	2016-02-24
T3638	3638	93436	Tesla Inc	TSLA	2015-02-12	2015-02-12	2015-02-26
T3639	3639	93436	Tesla Inc	TSLA	2018-10-24	2018-10-24	2018-11-07
T3640	3640	75652	Teva Pharmaceutical Industries Ltd	TEVI	2017-11-02	2017-11-02	2017-11-16
T3641	3641	75652	Teva Pharmaceutical Industries Ltd	TEVI	2016-08-04	2016-08-04	2016-08-18
T3642	3642	75652	Teva Pharmaceutical Industries Ltd	TEVI	2016-05-09	2016-05-09	2016-05-23
T3643	3643	75652	Teva Pharmaceutical Industries Ltd	TEVI	2016-02-11	2016-02-11	2016-02-25
T3644	3644	75652	Teva Pharmaceutical Industries Ltd	TEVI	2017-05-11	2017-05-11	2017-05-25
T3645	3645	75652	Teva Pharmaceutical Industries Ltd	TEVI	2016-11-15	2016-11-15	2016-11-29
T3646	3646	15579	Texas Instruments Inc	TXN	2015-10-21	2015-10-21	2015-11-04
T3647	3647	15579	Texas Instruments Inc	TXN	2015-04-22	2015-04-22	2015-05-06
T3648	3648	15579	Texas Instruments Inc	TXN	2018-10-23	2018-10-23	2018-11-06
T3649	3649	15579	Texas Instruments Inc	TXN	2018-04-24	2018-04-24	2018-05-08
T3650	3650	15579	Texas Instruments Inc	TXN	2017-01-24	2017-01-24	2017-02-07
T3651	3651	15579	Texas Instruments Inc	TXN	2018-07-24	2018-07-24	2018-08-07
T3652	3652	15579	Texas Instruments Inc	TXN	2016-07-25	2016-07-25	2016-08-08
T3653	3653	15579	Texas Instruments Inc	TXN	2015-01-26	2015-01-26	2015-02-09
T3654	3654	15579	Texas Instruments Inc	TXN	2016-10-26	2016-10-26	2016-11-09
T3655	3655	90427	Texas Roadhouse Inc	TXRH	2016-08-01	2016-08-01	2016-08-15
T3656	3656	90427	Texas Roadhouse Inc	TXRH	2017-05-01	2017-05-01	2017-05-15
T3657	3657	90427	Texas Roadhouse Inc	TXRH	2016-05-02	2016-05-02	2016-05-16
T3658	3658	90427	Texas Roadhouse Inc	TXRH	2015-11-02	2015-11-02	2015-11-16
T3659	3659	90427	Texas Roadhouse Inc	TXRH	2015-05-04	2015-05-04	2015-05-18
T3660	3660	90427	Texas Roadhouse Inc	TXRH	2018-02-20	2018-02-20	2018-03-06
T3661	3661	90427	Texas Roadhouse Inc	TXRH	2017-02-21	2017-02-21	2017-03-07
T3662	3662	90427	Texas Roadhouse Inc	TXRH	2016-02-22	2016-02-22	2016-03-07
T3663	3663	90427	Texas Roadhouse Inc	TXRH	2018-04-30	2018-04-30	2018-05-14
T3664	3664	90427	Texas Roadhouse Inc	TXRH	2018-07-30	2018-07-30	2018-08-13
T3665	3665	90427	Texas Roadhouse Inc	TXRH	2017-10-30	2017-10-30	2017-11-13
T3666	3666	23579	Textron Inc	TXT	2018-07-18	2018-07-18	2018-08-01
T3667	3667	23579	Textron Inc	TXT	2017-10-19	2017-10-19	2017-11-02
T3668	3668	23579	Textron Inc	TXT	2017-01-25	2017-01-25	2017-02-08
T3669	3669	23579	Textron Inc	TXT	2018-01-31	2018-01-31	2018-02-14
T3670	3670	13863	TherapeuticsMD Inc	CRFF	2017-11-06	2017-11-06	2017-11-20
T3671	3671	13863	TherapeuticsMD Inc	CRFF	2018-02-20	2018-02-20	2018-03-06
T3672	3672	62092	Thermo Fisher Scientific Inc	TMO	2015-10-21	2015-10-21	2015-11-04
T3673	3673	62092	Thermo Fisher Scientific Inc	TMO	2015-07-22	2015-07-22	2015-08-05
T3674	3674	62092	Thermo Fisher Scientific Inc	TMO	2018-10-24	2018-10-24	2018-11-07
T3675	3675	62092	Thermo Fisher Scientific Inc	TMO	2018-07-25	2018-07-25	2018-08-08
T3676	3676	62092	Thermo Fisher Scientific Inc	TMO	2017-10-25	2017-10-25	2017-11-08
T3677	3677	62092	Thermo Fisher Scientific Inc	TMO	2017-04-26	2017-04-26	2017-05-10
T3678	3678	62092	Thermo Fisher Scientific Inc	TMO	2016-10-27	2016-10-27	2016-11-10
T3679	3679	62092	Thermo Fisher Scientific Inc	TMO	2016-04-28	2016-04-28	2016-05-12
T3680	3680	62092	Thermo Fisher Scientific Inc	TMO	2016-01-28	2016-01-28	2016-02-11
T3681	3681	62092	Thermo Fisher Scientific Inc	TMO	2016-07-28	2016-07-28	2016-08-11
T3682	3682	62092	Thermo Fisher Scientific Inc	TMO	2015-01-29	2015-01-29	2015-02-12
T3683	3683	62092	Thermo Fisher Scientific Inc	TMO	2017-01-31	2017-01-31	2017-02-14
T3684	3684	62092	Thermo Fisher Scientific Inc	TMO	2018-01-31	2018-01-31	2018-02-14
T3685	3685	14637	Time Inc	TIMEW	2016-05-05	2016-05-05	2016-05-19
T3686	3686	80286	Tractor Supply Co	TSCO	2017-02-01	2017-02-01	2017-02-15
T3687	3687	80286	Tractor Supply Co	TSCO	2016-10-19	2016-10-19	2016-11-02
T3688	3688	80286	Tractor Supply Co	TSCO	2016-07-20	2016-07-20	2016-08-03
T3689	3689	80286	Tractor Supply Co	TSCO	2015-10-21	2015-10-21	2015-11-04
T3690	3690	80286	Tractor Supply Co	TSCO	2015-07-22	2015-07-22	2015-08-05
T3691	3691	80286	Tractor Supply Co	TSCO	2017-10-25	2017-10-25	2017-11-08
T3692	3692	80286	Tractor Supply Co	TSCO	2018-10-25	2018-10-25	2018-11-08
T3693	3693	80286	Tractor Supply Co	TSCO	2018-04-26	2018-04-26	2018-05-10
T3694	3694	80286	Tractor Supply Co	TSCO	2017-07-26	2017-07-26	2017-08-09
T3695	3695	80286	Tractor Supply Co	TSCO	2018-07-26	2018-07-26	2018-08-09
T3696	3696	80286	Tractor Supply Co	TSCO	2015-01-28	2015-01-28	2015-02-11
T3697	3697	67774	TransCanada Corp	TRP2	2017-11-09	2017-11-09	2017-11-23
T3698	3698	91152	TransDigm Group Inc	TGD	2018-02-06	2018-02-06	2018-02-20
T3699	3699	15478	TransUnion	00S9	2018-02-13	2018-02-13	2018-02-27
T3705	3705	79237	Transocean Ltd	RIG	2017-05-04	2017-05-04	2017-05-18
T3706	3706	79237	Transocean Ltd	RIG	2016-05-05	2016-05-05	2016-05-19
T3720	3720	14918	Travelport Worldwide Ltd	TVPT	2015-08-04	2015-08-04	2015-08-18
T3750	3750	14295	Twitter Inc	TWEE	2015-07-28	2015-07-28	2015-08-11
T3751	3751	77730	Tyson Foods Inc	TYSN	2018-02-08	2018-02-08	2018-02-22
T3752	3752	13253	U.S. Silica Holdings Inc	SLCA	2018-10-23	2018-10-23	2018-11-06
T3753	3753	13253	U.S. Silica Holdings Inc	SLCA	2016-02-24	2016-02-24	2016-03-09
T3754	3754	13253	U.S. Silica Holdings Inc	SLCA	2017-04-25	2017-04-25	2017-05-09
T3755	3755	13253	U.S. Silica Holdings Inc	SLCA	2015-07-29	2015-07-29	2015-08-12
T3756	3756	13253	U.S. Silica Holdings Inc	SLCA	2018-07-31	2018-07-31	2018-08-14
T3780	3780	91103	United Continental Holdings Inc	UAL	2018-10-17	2018-10-17	2018-10-31
T3781	3781	91103	United Continental Holdings Inc	UAL	2017-04-18	2017-04-18	2017-05-02
T3782	3782	91103	United Continental Holdings Inc	UAL	2018-04-18	2018-04-18	2018-05-02
T3783	3783	91103	United Continental Holdings Inc	UAL	2017-01-18	2017-01-18	2017-02-01
T3784	3784	91103	United Continental Holdings Inc	UAL	2017-07-19	2017-07-19	2017-08-02
T3785	3785	91103	United Continental Holdings Inc	UAL	2018-01-23	2018-01-23	2018-02-06
T3795	3795	85663	United Rentals Inc	URI1	2016-01-28	2016-01-28	2016-02-11
T3801	3801	76644	United States Steel Corp	X	2017-04-26	2017-04-26	2017-05-10
T3812	3812	92655	UnitedHealth Group Inc	UNIH	2017-10-17	2017-10-17	2017-10-31
T3826	3826	79881	Urban Outfitters Inc	URBN	2017-11-20	2017-11-20	2017-12-04
T3879	3879	93089	Verisk Analytics Inc	VRSK	2016-05-04	2016-05-04	2016-05-18
T3880	3880	93089	Verisk Analytics Inc	VRSK	2018-02-21	2018-02-21	2018-03-07
T3881	3881	93089	Verisk Analytics Inc	VRSK	2016-02-24	2016-02-24	2016-03-09
T3882	3882	93089	Verisk Analytics Inc	VRSK	2015-02-25	2015-02-25	2015-03-11
T3883	3883	93089	Verisk Analytics Inc	VRSK	2015-10-28	2015-10-28	2015-11-11
T3884	3884	93089	Verisk Analytics Inc	VRSK	2015-04-29	2015-04-29	2015-05-13
T3885	3885	93089	Verisk Analytics Inc	VRSK	2015-07-29	2015-07-29	2015-08-12
T3886	3886	93089	Verisk Analytics Inc	VRSK	2018-10-31	2018-10-31	2018-11-14
T3887	3887	65875	Verizon Communications Inc	BEL	2017-10-19	2017-10-19	2017-11-02
T3888	3888	65875	Verizon Communications Inc	BEL	2017-04-20	2017-04-20	2017-05-04
T3889	3889	65875	Verizon Communications Inc	BEL	2016-10-20	2016-10-20	2016-11-03
T3890	3890	65875	Verizon Communications Inc	BEL	2015-04-21	2015-04-21	2015-05-05
T3891	3891	65875	Verizon Communications Inc	BEL	2016-04-21	2016-04-21	2016-05-05
T3892	3892	65875	Verizon Communications Inc	BEL	2016-01-21	2016-01-21	2016-02-04
T3893	3893	65875	Verizon Communications Inc	BEL	2015-07-21	2015-07-21	2015-08-04
T3894	3894	65875	Verizon Communications Inc	BEL	2018-01-23	2018-01-23	2018-02-06
T3895	3895	65875	Verizon Communications Inc	BEL	2018-10-23	2018-10-23	2018-11-06
T3896	3896	65875	Verizon Communications Inc	BEL	2018-04-24	2018-04-24	2018-05-08
T3897	3897	65875	Verizon Communications Inc	BEL	2017-01-24	2017-01-24	2017-02-07
T3898	3898	65875	Verizon Communications Inc	BEL	2018-07-24	2018-07-24	2018-08-07
T3899	3899	65875	Verizon Communications Inc	BEL	2016-07-26	2016-07-26	2016-08-09
T3900	3900	16279	Versum Materials Inc	VSMWI	2017-08-01	2017-08-01	2017-08-15
T3901	3901	16279	Versum Materials Inc	VSMWI	2017-05-02	2017-05-02	2017-05-16
T3902	3902	16279	Versum Materials Inc	VSMWI	2018-02-06	2018-02-06	2018-02-20
T3903	3903	16279	Versum Materials Inc	VSMWI	2018-11-06	2018-11-06	2018-11-20
T3904	3904	16279	Versum Materials Inc	VSMWI	2018-08-07	2018-08-07	2018-08-21
T3905	3905	16279	Versum Materials Inc	VSMWI	2017-11-09	2017-11-09	2017-11-23
T3906	3906	76744	Vertex Pharmaceuticals Inc	VRT1	2017-01-25	2017-01-25	2017-02-08
T3907	3907	76744	Vertex Pharmaceuticals Inc	VRT1	2016-10-25	2016-10-25	2016-11-08
T3908	3908	76744	Vertex Pharmaceuticals Inc	VRT1	2017-10-25	2017-10-25	2017-11-08
T3913	3913	76744	Vertex Pharmaceuticals Inc	VRT1	2016-01-27	2016-01-27	2016-02-10
T3918	3918	91063	Viacom Inc	VIAB	2018-08-09	2018-08-09	2018-08-23
T3921	3921	91063	Viacom Inc	VIAB	2018-04-25	2018-04-25	2018-05-09
T3944	3944	93071	Vitamin Shoppe Inc	VTSP	2017-11-08	2017-11-08	2017-11-22
T3945	3945	93071	Vitamin Shoppe Inc	VTSP	2017-05-10	2017-05-10	2017-05-24
T3946	3946	93071	Vitamin Shoppe Inc	VTSP	2016-02-23	2016-02-23	2016-03-08
T3947	3947	93071	Vitamin Shoppe Inc	VTSP	2015-02-24	2015-02-24	2015-03-10
T3948	3948	13904	Voya Financial Inc	VOYA	2017-11-01	2017-11-01	2017-11-15
T3949	3949	13904	Voya Financial Inc	VOYA	2018-08-02	2018-08-02	2018-08-16
T3959	3959	17743	W. R. Berkley Corp	BKLY	2016-07-25	2016-07-25	2016-08-08
T3960	3960	17743	W. R. Berkley Corp	BKLY	2017-07-25	2017-07-25	2017-08-08
T3961	3961	17743	W. R. Berkley Corp	BKLY	2016-10-25	2016-10-25	2016-11-08
T3971	3971	85931	Waddell & Reed Financial Inc	WDR	2018-07-31	2018-07-31	2018-08-14
T3972	3972	19502	Walgreens Boots Alliance Inc	WAG	2015-04-09	2015-04-09	2015-04-23
T3973	3973	19502	Walgreens Boots Alliance Inc	WAG	2015-07-09	2015-07-09	2015-07-23
T3974	3974	19502	Walgreens Boots Alliance Inc	WAG	2018-06-28	2018-06-28	2018-07-12
T3975	3975	19502	Walgreens Boots Alliance Inc	WAG	2015-10-28	2015-10-28	2015-11-11
T3976	3976	12477	Walker & Dunlop Inc	WDWD	2016-05-04	2016-05-04	2016-05-18
T3979	3979	26403	Walt Disney Co	DIS	2018-08-07	2018-08-07	2018-08-21
T3994	3994	32791	Weatherford International PLC	ENGY	2015-10-22	2015-10-22	2015-11-05
T4002	4002	89244	Weight Watchers International Inc	WTWI	2018-11-01	2018-11-01	2018-11-15
T4005	4005	90272	WellCare Health Plans Inc	WCGI	2015-05-06	2015-05-06	2015-05-20
T4023	4023	86876	Wesco International Inc	WSCO	2016-10-27	2016-10-27	2016-11-10
T4024	4024	13830	West Corp	WTSZ	2016-08-02	2016-08-02	2016-08-16
T4025	4025	66384	Western Digital Corp	WDC	2017-01-25	2017-01-25	2017-02-08
T4026	4026	66384	Western Digital Corp	WDC	2018-10-25	2018-10-25	2018-11-08
T4027	4027	66384	Western Digital Corp	WDC	2018-07-26	2018-07-26	2018-08-09
T4028	4028	66384	Western Digital Corp	WDC	2017-10-26	2017-10-26	2017-11-09
T4029	4029	66384	Western Digital Corp	WDC	2015-01-27	2015-01-27	2015-02-10
T4030	4030	66384	Western Digital Corp	WDC	2016-07-28	2016-07-28	2016-08-11
T4031	4031	66384	Western Digital Corp	WDC	2015-07-29	2015-07-29	2015-08-12
T4032	4032	91073	Western Refining Inc	WRF	2015-08-04	2015-08-04	2015-08-18
T4033	4033	91461	Western Union Co	WUN	2018-11-01	2018-11-01	2018-11-15
T4034	4034	91461	Western Union Co	WUN	2015-02-10	2015-02-10	2015-02-24
T4035	4035	91461	Western Union Co	WUN	2015-04-30	2015-04-30	2015-05-14
T4036	4036	91461	Western Union Co	WUN	2015-07-30	2015-07-30	2015-08-13
T4037	4037	90312	Westlake Chemical Corp	WLKC	2018-08-02	2018-08-02	2018-08-16
T4038	4038	90312	Westlake Chemical Corp	WLKC	2018-05-03	2018-05-03	2018-05-17
T4039	4039	90312	Westlake Chemical Corp	WLKC	2018-02-20	2018-02-20	2018-03-06
T4040	4040	13627	WhiteWave Foods Co	WWAV	2015-08-07	2015-08-07	2015-08-21
T4041	4041	13627	WhiteWave Foods Co	WWAV	2016-05-10	2016-05-10	2016-05-24
T4042	4042	13627	WhiteWave Foods Co	WWAV	2016-02-11	2016-02-11	2016-02-25
T4043	4043	13627	WhiteWave Foods Co	WWAV	2015-02-12	2015-02-12	2015-02-26
T4050	4050	15782	WillScot Corp	01YF	2018-11-09	2018-11-09	2018-11-23
T4129	4129	15216	Xenia Hotels & Resorts Inc	XHR	2017-11-07	2017-11-07	2017-11-21
T4130	4130	15216	Xenia Hotels & Resorts Inc	XHR	2017-08-08	2017-08-08	2017-08-22
T4134	4134	15216	Xenia Hotels & Resorts Inc	XHR	2018-02-27	2018-02-27	2018-03-13
T4138	4138	27983	Xerox Corp	XRX	2015-10-26	2015-10-26	2015-11-09
T4139	4139	27983	Xerox Corp	XRX	2016-01-29	2016-01-29	2016-02-12
T4140	4140	27983	Xerox Corp	XRX	2015-01-30	2015-01-30	2015-02-13
T4141	4141	76201	Xilinx Inc	XLNX	2015-10-14	2015-10-14	2015-10-28
T4142	4142	76201	Xilinx Inc	XLNX	2018-10-24	2018-10-24	2018-11-07
T4143	4143	76201	Xilinx Inc	XLNX	2018-04-25	2018-04-25	2018-05-09
T4144	4144	76201	Xilinx Inc	XLNX	2017-01-25	2017-01-25	2017-02-08
T4145	4145	76201	Xilinx Inc	XLNX	2018-07-25	2018-07-25	2018-08-08
T4146	4146	76201	Xilinx Inc	XLNX	2017-10-25	2017-10-25	2017-11-08
T4147	4147	76201	Xilinx Inc	XLNX	2017-04-26	2017-04-26	2017-05-10
T4148	4148	12799	Yandex NV	YNDX	2015-10-27	2015-10-27	2015-11-10
T4149	4149	12799	Yandex NV	YNDX	2016-10-27	2016-10-27	2016-11-10
T4150	4150	12799	Yandex NV	YNDX	2015-04-28	2015-04-28	2015-05-12
T4151	4151	12799	Yandex NV	YNDX	2016-04-28	2016-04-28	2016-05-12
T4152	4152	12799	Yandex NV	YNDX	2016-07-28	2016-07-28	2016-08-11
T4153	4153	13318	Yelp Inc	YELP	2018-08-08	2018-08-08	2018-08-22
T4154	4154	13318	Yelp Inc	YELP	2016-02-08	2016-02-08	2016-02-22
T4155	4155	13318	Yelp Inc	YELP	2018-11-08	2018-11-08	2018-11-22
T4156	4156	13318	Yelp Inc	YELP	2016-08-09	2016-08-09	2016-08-23
T4157	4157	13318	Yelp Inc	YELP	2017-05-09	2017-05-09	2017-05-23
T4158	4158	13318	Yelp Inc	YELP	2015-07-28	2015-07-28	2015-08-11
T4159	4159	13318	Yelp Inc	YELP	2015-10-28	2015-10-28	2015-11-11
T4160	4160	13318	Yelp Inc	YELP	2015-04-29	2015-04-29	2015-05-13
T4161	4161	16650	Yext Inc	YEXT	2018-11-29	2018-11-29	2018-12-13
T4162	4162	16343	Yum China Holdings Inc	YUMC	2017-04-06	2017-04-06	2017-04-20
T4163	4163	16343	Yum China Holdings Inc	YUMC	2017-07-06	2017-07-06	2017-07-20
T4164	4164	16343	Yum China Holdings Inc	YUMC	2018-02-08	2018-02-08	2018-02-22
T4165	4165	85348	Yum! Brands Inc	YUM	2018-05-02	2018-05-02	2018-05-16
T4166	4166	85348	Yum! Brands Inc	YUM	2017-11-02	2017-11-02	2017-11-16
T4167	4167	85348	Yum! Brands Inc	YUM	2017-05-03	2017-05-03	2017-05-17
T4168	4168	85348	Yum! Brands Inc	YUM	2016-02-04	2016-02-04	2016-02-18
T4169	4169	85348	Yum! Brands Inc	YUM	2015-02-05	2015-02-05	2015-02-19
T4170	4170	85348	Yum! Brands Inc	YUM	2016-10-06	2016-10-06	2016-10-20
T4171	4171	85348	Yum! Brands Inc	YUM	2015-10-07	2015-10-07	2015-10-21
T4172	4172	85348	Yum! Brands Inc	YUM	2017-02-09	2017-02-09	2017-02-23
T4173	4173	85348	Yum! Brands Inc	YUM	2016-07-14	2016-07-14	2016-07-28
T4174	4174	85348	Yum! Brands Inc	YUM	2015-07-15	2015-07-15	2015-07-29
T4175	4175	85348	Yum! Brands Inc	YUM	2016-04-21	2016-04-21	2016-05-05
T4176	4176	85348	Yum! Brands Inc	YUM	2015-04-22	2015-04-22	2015-05-06
T4177	4177	85348	Yum! Brands Inc	YUM	2018-10-31	2018-10-31	2018-11-14
T4178	4178	16449	ZTO Express (Cayman) Inc	ZTO	2018-08-09	2018-08-09	2018-08-23
T4179	4179	16449	ZTO Express (Cayman) Inc	ZTO	2018-11-15	2018-11-15	2018-11-29
T4180	4180	16449	ZTO Express (Cayman) Inc	ZTO	2017-11-21	2017-11-21	2017-12-05
T4181	4181	14984	Zayo Group Holdings Inc	ZAYO	2018-05-03	2018-05-03	2018-05-17
T4182	4182	14984	Zayo Group Holdings Inc	ZAYO	2017-11-06	2017-11-06	2017-11-20
T4183	4183	14984	Zayo Group Holdings Inc	ZAYO	2018-02-07	2018-02-07	2018-02-21
T4184	4184	76795	Zebra Technologies Corp	ZBRA	2018-08-07	2018-08-07	2018-08-21
T4185	4185	76795	Zebra Technologies Corp	ZBRA	2017-08-08	2017-08-08	2017-08-22
T4186	4186	76795	Zebra Technologies Corp	ZBRA	2018-05-08	2018-05-08	2018-05-22
T4187	4187	76795	Zebra Technologies Corp	ZBRA	2016-08-09	2016-08-09	2016-08-23
T4188	4188	76795	Zebra Technologies Corp	ZBRA	2016-05-10	2016-05-10	2016-05-24
T4189	4189	76795	Zebra Technologies Corp	ZBRA	2015-11-10	2015-11-10	2015-11-24
T4190	4190	76795	Zebra Technologies Corp	ZBRA	2018-02-22	2018-02-22	2018-03-08
T4191	4191	76795	Zebra Technologies Corp	ZBRA	2017-02-23	2017-02-23	2017-03-09
T4192	4192	76795	Zebra Technologies Corp	ZBRA	2016-02-25	2016-02-25	2016-03-10
T4193	4193	14641	Zendesk Inc	0051	2018-05-01	2018-05-01	2018-05-15
T4194	4194	14641	Zendesk Inc	0051	2016-11-01	2016-11-01	2016-11-15
T4195	4195	14641	Zendesk Inc	0051	2017-11-01	2017-11-01	2017-11-15
T4196	4196	14641	Zendesk Inc	0051	2017-08-03	2017-08-03	2017-08-17
T4197	4197	14641	Zendesk Inc	0051	2016-05-03	2016-05-03	2016-05-17
T4198	4198	14641	Zendesk Inc	0051	2015-11-03	2015-11-03	2015-11-17
T4199	4199	14641	Zendesk Inc	0051	2017-02-08	2017-02-08	2017-02-22
T4200	4200	14641	Zendesk Inc	0051	2016-02-16	2016-02-16	2016-03-01
T4201	4201	14641	Zendesk Inc	0051	2018-10-30	2018-10-30	2018-11-13
T4202	4202	12927	Zillow Group Inc	ZIL	2016-05-03	2016-05-03	2016-05-17
T4203	4203	12927	Zillow Group Inc	ZIL	2015-11-03	2015-11-03	2015-11-17
T4204	4204	12927	Zillow Group Inc	ZIL	2016-02-11	2016-02-11	2016-02-25
T4205	4205	89070	Zimmer Biomet Holdings Inc	ZMH	2017-11-01	2017-11-01	2017-11-15
T4206	4206	89070	Zimmer Biomet Holdings Inc	ZMH	2018-04-26	2018-04-26	2018-05-10
T4207	4207	89070	Zimmer Biomet Holdings Inc	ZMH	2018-10-26	2018-10-26	2018-11-09
T4208	4208	89070	Zimmer Biomet Holdings Inc	ZMH	2017-04-27	2017-04-27	2017-05-11
T4209	4209	89070	Zimmer Biomet Holdings Inc	ZMH	2017-07-27	2017-07-27	2017-08-10
T4210	4210	89070	Zimmer Biomet Holdings Inc	ZMH	2018-07-27	2018-07-27	2018-08-10
T4211	4211	89070	Zimmer Biomet Holdings Inc	ZMH	2016-04-28	2016-04-28	2016-05-12
T4212	4212	89070	Zimmer Biomet Holdings Inc	ZMH	2016-01-28	2016-01-28	2016-02-11
T4213	4213	89070	Zimmer Biomet Holdings Inc	ZMH	2016-07-28	2016-07-28	2016-08-11
T4214	4214	89070	Zimmer Biomet Holdings Inc	ZMH	2015-10-29	2015-10-29	2015-11-12
T4215	4215	89070	Zimmer Biomet Holdings Inc	ZMH	2018-01-30	2018-01-30	2018-02-13
T4216	4216	89070	Zimmer Biomet Holdings Inc	ZMH	2017-01-31	2017-01-31	2017-02-14
T4217	4217	89070	Zimmer Biomet Holdings Inc	ZMH	2016-10-31	2016-10-31	2016-11-14
T4218	4218	13788	Zoetis Inc	ZOTS	2018-11-01	2018-11-01	2018-11-15
T4219	4219	13788	Zoetis Inc	ZOTS	2018-08-02	2018-08-02	2018-08-16
T4220	4220	13788	Zoetis Inc	ZOTS	2018-05-02	2018-05-02	2018-05-16
T4221	4221	13788	Zoetis Inc	ZOTS	2017-11-02	2017-11-02	2017-11-16
T4222	4222	13788	Zoetis Inc	ZOTS	2016-08-03	2016-08-03	2016-08-17
T4223	4223	13788	Zoetis Inc	ZOTS	2015-11-03	2015-11-03	2015-11-17
T4224	4224	13788	Zoetis Inc	ZOTS	2016-05-04	2016-05-04	2016-05-18
T4225	4225	13788	Zoetis Inc	ZOTS	2017-05-04	2017-05-04	2017-05-18
T4226	4226	13788	Zoetis Inc	ZOTS	2015-02-11	2015-02-11	2015-02-25
T4227	4227	13788	Zoetis Inc	ZOTS	2018-02-15	2018-02-15	2018-03-01
T4228	4228	13788	Zoetis Inc	ZOTS	2016-02-16	2016-02-16	2016-03-01
T4229	4229	13169	Zynga Inc	ZNGA	2015-08-06	2015-08-06	2015-08-20
T4230	4230	92296	athenahealth Inc	ATNH	2015-02-06	2015-02-06	2015-02-20
T4231	4231	92296	athenahealth Inc	ATNH	2016-10-21	2016-10-21	2016-11-04
T4232	4232	92296	athenahealth Inc	ATNH	2016-07-22	2016-07-22	2016-08-05
T4233	4233	16318	e.l.f. Beauty Inc	019I	2018-08-08	2018-08-08	2018-08-22
T4234	4234	16318	e.l.f. Beauty Inc	019I	2018-05-09	2018-05-09	2018-05-23
T4235	4235	86356	eBay Inc	EBY1	2017-07-20	2017-07-20	2017-08-03
T4236	4236	86356	eBay Inc	EBY1	2015-10-21	2015-10-21	2015-11-04
T4237	4237	86356	eBay Inc	EBY1	2016-01-27	2016-01-27	2016-02-10
T4238	4238	16386	iRhythm Technologies Inc	IRTC	2018-08-01	2018-08-01	2018-08-15
T4239	4239	16386	iRhythm Technologies Inc	IRTC	2017-11-01	2017-11-01	2017-11-15
T4240	4240	16386	iRhythm Technologies Inc	IRTC	2017-08-02	2017-08-02	2017-08-16
T4241	4241	16386	iRhythm Technologies Inc	IRTC	2018-05-02	2018-05-02	2018-05-16
T4242	4242	16386	iRhythm Technologies Inc	IRTC	2018-02-14	2018-02-14	2018-02-28
T4243	4243	16535	trivago NV	TRVG	2018-07-25	2018-07-25	2018-08-08
